Product,Location,Department,"Primary Vendor",SKU,UPC,"MFR Number",Price,"Last Cost","Desired Stock","Reorder Point","In Stock",Reserved,"On Hand","On Order","Last Received",Sales
"$2 Used Vinyl","Physical Location",Unassigned,,,25343562737288,,2,0,0,0,-9,0,-9,0,"2026-04-25 15:42:09",9
"$uicideboy$: New World Depression","Physical Location",HipHop,,,198391598197,,24.98,0,0,0,1,0,1,0,"2025-11-05 12:00:00",0
"2cellos: Dedicated","Physical Location","Pop / Rock",,,8719262037076,,33.98,0,1,0,2,0,2,0,"2025-10-29 18:22:32",2
"2cellos: In2ition","Physical Location",Classical,,,8719262037038,,33.98,0,0,0,1,0,1,0,"2025-10-25 12:00:00",0
"2cellos: Let There be Cello","Physical Location",Classical,,,8719262037069,,35.98,0,0,0,0,0,0,0,"2025-10-25 12:00:00",1
"2cellos: Score","Physical Location",Classical,,,8719262037052,,49.98,0,0,0,1,0,1,0,"2025-10-25 12:00:00",0
"Abba: Gold","Physical Location","Pop / Rock",,,600753511060,,37.99,0,3,1,1,0,1,0,"2026-03-29 12:00:00",5
"Abba: Gold (cd)","Physical Location","Pop / Rock",,,602517247321,,13.95,0,0,0,1,0,1,0,"2025-11-23 12:00:00",0
"ABC: How To Be...","Physical Location","Pop / Rock",,,0602488521666,,35.98,0,0,0,1,0,1,0,"2025-11-05 12:00:00",0
"ACDC: Back in Black","Physical Location","Pop / Rock",,,696998020719,,27.98,0,1,1,2,0,2,0,"2026-07-02 12:00:00",4
"ACDC: Dirty Deeds","Physical Location","Pop / Rock",,,696998020214,,26.98,0,1,0,1,0,1,0,"2026-06-05 12:00:00",2
"ACDC: For Those About to Rock","Physical Location","Pop / Rock",,,696998020818,,26.98,0,0,0,1,0,1,0,"2026-05-28 12:00:00",1
"ACDC: High Voltage","Physical Location","Pop / Rock",,,696998020115,,26.98,0,2,0,1,0,1,0,"2026-05-28 12:00:00",2
"ACDC: Highway To Hell","Physical Location","Pop / Rock",,,696998020610,,27.98,0,1,0,1,0,1,0,"2025-09-03 12:00:00",0
"ACDC: Let There Be Rock (50th anniversary gold vinyl)","Physical Location","Pop / Rock",,,196588733314,,40.98,0,0,0,0,0,0,0,"2025-11-05 12:00:00",1
"Adele: 21","Physical Location","Pop / Rock",,,191404113813,,25.98,0,1,0,1,0,1,0,"2026-04-16 12:00:00",1
"Adele: 30","Physical Location","Pop / Rock",,,194399379714,,38.98,0,1,0,1,0,1,0,"2025-09-04 12:00:00",0
"Against Me: White Crosses","Physical Location","Pop / Rock",,,8719262013193,,36.98,0,0,0,0,0,0,0,"2025-11-05 12:00:00",1
"Agent Orange: Living in Darkness (used lp)","Physical Location","Pop / Rock",,,83429086,,80,0,0,0,0,0,0,0,"2026-04-15 12:00:00",1
"Al Green: I'm Still in Love","Physical Location",R&B,,,767981113616,,25.98,0,0,0,1,0,1,0,"2026-03-08 12:00:00",2
"Al Green: Let's Stay Together","Physical Location",R&B,,,6798111371,,25.98,0,0,0,2,0,2,0,"2026-05-28 12:00:00",4
"Alan Parsons Project: Eye in the Sky (mofi)","Physical Location","Pop / Rock",,,821797250016,,57.99,0,1,0,0,0,0,0,"2025-10-20 00:00:00",1
"Alanis Morissette: Jagged Little Pill (sacd)","Physical Location","Pop / Rock",,,821797228169,,34.99,0,3,0,2,0,2,0,"2025-09-10 12:00:00",1
"Alice in Chains: Alice in Chains (yellow vinyl)","Physical Location",Metal,,,198028486910,,41.98,0,0,0,1,0,1,0,"2026-02-08 12:00:00",1
"Alice in Chains: Dirt","Physical Location",Metal,,,194399535417,,34.98,0,2,2,5,0,5,0,"2026-05-28 21:07:24",12
"Alice in Chains: Dirt (cd)","Physical Location",Metal,,,0074645247526,,9.99,0,0,0,1,0,1,0,"2026-05-28 12:00:00",3
"Alice in Chains: Facelift","Physical Location",Metal,,,194397838619,,35.98,0,2,0,2,0,2,0,"2026-05-28 12:00:00",4
"Alice in Chains: Jar of Flies","Physical Location",Metal,,,196588003714,,22.98,0,2,2,5,0,5,0,"2026-05-28 12:00:00",9
"Alice in Chains: Jar of Flies (cd)","Physical Location",Metal,,,0074645762821,,9.99,0,0,0,0,0,0,0,"2025-12-08 12:00:00",2
"Alice in Chains: Rainier Fog (used lp)","Physical Location",Metal,,,221875009,,44.98,0,0,0,1,0,1,0,"2025-10-20 12:00:00",0
"Alice Phoebe Lou: Glow","Physical Location",Indie,,,4260620832528,,22.98,0,0,0,1,0,1,0,"2025-12-01 12:00:00",0
"Allman Brothers Band: Collected","Physical Location","Pop / Rock",,,8719262012929,,48.98,0,0,0,0,0,0,0,"2025-11-05 12:00:00",1
"Allman Brothers Band: The Allman Brothers Band","Physical Location","Pop / Rock",,,602547813190,,43.98,0,0,0,1,0,1,0,"2026-04-16 12:00:00",2
"Alt-J: An Awesome Wave","Physical Location",Indie,,,81227808235,,24.98,0,0,0,2,0,2,0,"2026-06-06 12:00:00",5
"America: Now Playing","Physical Location","Pop / Rock",,,603497828524,,19.98,0,0,0,0,0,0,0,"2026-05-28 12:00:00",4
"Amy Winehouse: Back to Black","Physical Location","Pop / Rock",,,602517341296,,27.98,0,3,1,2,0,2,0,"2026-02-08 12:00:00",5
"Angine De Poitrine: Volume II","Physical Location","Pop / Rock",,,880882699918,,26.98,0,0,0,0,0,0,0,"2026-06-22 12:00:00",1
"Anri: Heaven Beach (yellow)","Physical Location","Pop / Rock",,,4998018102496,,40.98,0,0,0,1,0,1,0,"2025-10-25 12:00:00",0
"Anri: Timely! (sky blue)","Physical Location","Pop / Rock",,,4988018102519,,40.98,0,0,0,1,0,1,0,"2025-10-14 12:00:00",0
"Arctic Monkeys: AM","Physical Location","Pop / Rock",,,887828031719,,27.98,0,0,0,1,0,1,0,"2026-01-18 12:00:00",3
"Arctic Monkeys: AM (cd)","Physical Location",Indie,,,887828031726,,15.98,0,0,0,1,0,1,0,"2026-04-18 12:00:00",1
"Aretha Franklin: Aretha Now (AT75)","Physical Location",R&B,,,753088754074,,65.98,0,1,0,0,0,0,0,"2025-09-10 12:00:00",1
"Armin Van Buuren: Anthems","Physical Location",Electronic,,,8719262040830,,42.98,0,0,0,0,0,0,0,"2025-09-30 12:00:00",1
"Asia: Alpha (used cd)","Physical Location","Pop / Rock",,,86832915,,7.5,0,0,0,1,0,1,0,"2025-09-12 12:00:00",0
"Asia: Asia","Physical Location","Pop / Rock",,,602445456185,,27.98,0,0,0,1,0,1,0,"2026-04-16 12:00:00",0
"Association P.C.: Earwax","Physical Location",Jazz,,,8719262039308,,35.98,0,1,0,1,0,1,0,"2025-09-30 12:00:00",0
"Attack on Titan Season 1: Soundtrack","Physical Location",Soundtracks,,,5037899082379,,63.98,0,1,0,1,0,1,0,"2025-12-28 12:00:00",0
"Audio Technica AT-LP60XBT-RD","Physical Location",Unassigned,,,4961310147273,,279,0,0,0,2,0,2,0,"2026-06-26 12:00:00",0
"Audio Technica LP120XUSB-BK","Physical Location",Accessories,,,4961310148751,,449,0,0,0,2,0,2,0,"2025-11-19 12:00:00",1
"Audio Technica LP60XBT-BK","Physical Location",Accessories,,,4961310147259,,299,0,0,0,0,0,0,0,"2025-12-16 12:00:00",4
"Avenged Sevenfold: City of Evil","Physical Location",Metal,,,790692739714,,39.98,0,1,0,3,0,3,0,"2025-10-10 12:00:00",1
"B52s: Cosmic Thing","Physical Location","Pop / Rock",,,603497847686,,24.98,0,2,0,0,0,0,0,"2025-09-26 00:00:00",1
"B52s: Cosmic Thing (mofi)","Physical Location","Pop / Rock",,,821797100236,,29.99,0,2,0,1,0,1,0,"2025-09-25 12:00:00",3
"B52s: The B-52s (mofi)","Physical Location","Pop / Rock",,,821797100045,,22.99,0,0,0,1,0,1,0,"2026-04-10 12:00:00",3
"Baby Driver: Soundtrack","Physical Location",Soundtracks,,,889854466411,,41.98,0,3,1,2,0,2,0,"2026-06-22 12:00:00",6
"Bad Company: Run With the Pack (AT75)","Physical Location","Pop / Rock",,,753088753879,,65.98,0,0,0,1,0,1,0,"2025-09-30 12:00:00",0
"Bad Company: Straight Shooter (AT75)","Physical Location","Pop / Rock",,,753088753770,,60.98,0,1,0,1,0,1,0,"2025-09-30 12:00:00",0
"Bad Religion: Age of Unreason","Physical Location","Pop / Rock",,,045778763610,,23.98,0,0,0,1,0,1,0,"2025-10-25 12:00:00",0
"Badfinger: Head First 50th anniversary (cd)","Physical Location","Pop / Rock",,,843563184226,,15.99,0,1,0,1,0,1,0,"2025-09-03 12:00:00",0
"Band of Horses: Cease to Begin","Physical Location",Indie,,,707451,,24.98,0,0,0,3,0,3,0,"2026-06-10 12:00:00",3
"Band of Horses: Cease to Begin (cassette)","Physical Location",Indie,,,707454,,10.98,0,0,0,1,0,1,0,"2026-03-21 12:00:00",0
"Band of Horses: Everything All the Time","Physical Location",Indie,,,88706901,,24.98,0,0,0,2,0,2,0,"2026-03-21 12:00:00",1
"Band of Horses: Everything All the Time (anniversary color vinyl)","Physical Location",Indie,,,717300,,34.98,0,0,0,1,0,1,0,"2026-05-04 21:21:00",2
"Band of Horses: Everything All the Time (cassette)","Physical Location",Indie,,,88706904,,10.98,0,0,0,1,0,1,0,"2026-03-21 12:00:00",1
"Band of Horses: Everything All the Time (cd)","Physical Location",Indie,,,88706902,,13.98,0,0,0,1,0,1,0,"2026-02-22 12:00:00",0
"Barbie: Soundtrack","Physical Location",Soundtracks,,,075678613548,,27.98,0,0,0,2,0,2,0,"2025-12-01 12:00:00",0
"Barbra Streisand: Greatest Hits (cd)","Physical Location","Pop / Rock",,,886972296821,,9.98,0,0,0,1,0,1,0,"2025-10-25 12:00:00",0
"Barbra Streisand: People (cd)","Physical Location","Pop / Rock",,,886972495521,,9.98,0,0,0,1,0,1,0,"2025-10-25 12:00:00",0
"Bartok & Miaskovsky: Concerto no.3","Physical Location",Classical,,,1079321512645,,7.99,0,0,0,0,0,0,0,"2025-12-16 12:00:00",1
"Bartok: Music For Strings","Physical Location",Classical,,,359493624349161,,15.99,0,0,0,1,0,1,0,"2025-12-16 12:00:00",0
"Beach House: Bloom","Physical Location","Pop / Rock",,,88709651,,29.98,0,0,0,2,0,2,0,"2026-06-11 12:00:00",1
"Beach House: Bloom (cd)","Physical Location","Pop / Rock",,,88709652,,13.98,0,0,0,1,0,1,0,"2026-02-22 12:00:00",0
"Beach House: Depression Cherry","Physical Location",Indie,,,711221,,24.98,0,0,0,2,0,2,0,"2026-04-10 12:00:00",0
"Beach House: Depression Cherry (cd)","Physical Location",Indie,,,711222,,13.98,0,0,0,0,0,0,0,"2026-04-10 12:00:00",1
"Beach House: Teen Dream","Physical Location",Indie,,,708451,,29.98,0,0,0,2,0,2,0,"2026-06-06 12:00:00",1
"Beach House: Teen Dream (cd)","Physical Location",Indie,,,708452,,14.98,0,0,0,1,0,1,0,"2026-04-10 12:00:00",0
"Beastie Boys: Beastie Boys","Physical Location",HipHop,,,602507280918,,37.99,0,0,0,0,0,0,0,"2026-03-07 12:00:00",5
"Beastie Boys: Paul's Boutique","Physical Location",HipHop,,,099969330018,,29.99,0,3,1,0,0,0,0,"2026-05-28 00:00:00",10
"Beatles: 65","Physical Location","Pop / Rock",,,602468019855,,29.99,0,0,0,1,0,1,0,"2025-09-30 12:00:00",1
"Beatles: Abbey Road anniversary","Physical Location","Pop / Rock",,,602577915123,,29.99,0,3,0,2,0,2,0,"2025-09-03 12:00:00",1
"Beatles: Beatles (white album)","Physical Location","Pop / Rock",,,0602567696865,,39.98,0,0,0,1,0,1,0,"2025-09-30 12:00:00",1
"Beatles: Hard Day's Night","Physical Location","Pop / Rock",,,094638241317,,29.99,0,0,0,2,0,2,0,"2026-04-10 12:00:00",1
"Beatles: Let It Be","Physical Location","Pop / Rock",,,602507138653,,29.99,0,0,0,2,0,2,0,"2026-04-16 12:00:00",2
"Beatles: Meet the Beatles","Physical Location","Pop / Rock",,,602468019718,,29.99,0,0,0,1,0,1,0,"2025-09-30 12:00:00",1
"Beatles: Revolver","Physical Location","Pop / Rock",,,602445599691,,29.99,0,0,0,1,0,1,0,"2026-04-10 19:58:28",3
"Beatles: Revolver (picture disc)","Physical Location","Pop / Rock",,,6024455997071,,35.98,0,0,0,1,0,1,0,"2026-03-09 12:00:00",0
"Beatles: Rubber Soul","Physical Location","Pop / Rock",,,094638241812,,29.99,0,0,0,2,0,2,0,"2026-04-10 12:00:00",2
"Beatles: Sgt Pepper","Physical Location","Pop / Rock",,,602567098348,,37.99,0,0,0,1,0,1,0,"2026-04-10 12:00:00",3
"Beegie Adair: Jazz Piano Xmas","Physical Location",Holiday,,,792755648766,,24.98,0,0,0,1,0,1,0,"2025-11-15 12:00:00",0
"Ben E. King: Ben E. King's Greatest Hits","Physical Location",Jazz,,,829421003168,,36.98,0,0,0,1,0,1,0,"2025-11-05 12:00:00",0
"Benson Boone: American Heart","Physical Location",Country,,,093624834953,,29.98,0,1,0,1,0,1,0,"2026-03-07 12:00:00",1
"Beverley Martyn: The Phoenix and the Turtle","Physical Location",Folk,,,8718469535286,,22.98,0,0,0,1,0,1,0,"2025-11-05 12:00:00",0
"Beyonce: B day","Physical Location","Pop / Rock",,,827969092019,,34.98,0,0,0,2,0,2,0,"2026-03-08 12:00:00",2
"Beyonce: Cowboy Carter","Physical Location","Pop / Rock",,,196588949319,,36.98,0,0,0,1,0,1,0,"2025-09-30 12:00:00",0
"Beyonce: Dangerously In Love (cd)","Physical Location","Pop / Rock",,,888750722522,,9.98,0,0,0,1,0,1,0,"2025-10-25 12:00:00",0
"Beyonce: I am Sasha Fierce (cd)","Physical Location","Pop / Rock",,,886976077426,,9.98,0,0,0,1,0,1,0,"2025-10-25 12:00:00",0
"Big Thief: Capacity","Physical Location",Indie,,,191400075412,,29.99,0,0,0,0,0,0,0,"2026-06-09 12:00:00",1
"Big Thief: Dragon New Warm","Physical Location",Indie,,,191400040816,,38.99,0,0,0,1,0,1,0,"2026-06-09 12:00:00",0
"Big Thief: Masterpiece","Physical Location",Indie,,,191400056213,,26.98,0,0,0,1,0,1,0,"2026-06-22 12:00:00",0
"Bill Evans & Jim Hall: Undercurrent (mofi)","Physical Location",Jazz,,,821797100311,,29.99,0,0,0,4,0,4,0,"2026-06-05 12:00:00",3
"Bill Evans: Momentum (blue vinyl)","Physical Location",Jazz,,,8719262037755,,42.98,0,1,0,1,0,1,0,"2026-01-06 12:00:00",3
"Billie Eilish: Happier Than Ever","Physical Location","Pop / Rock",,,602435973548,,32.99,0,2,0,1,0,1,0,"2025-09-04 12:00:00",1
"Billie Eilish: Hit Me Hard and Soft (again)","Physical Location","Pop / Rock",,,602465223651,,32.99,0,2,0,2,0,2,0,"2025-09-04 12:00:00",0
"Billie Holiday: Essentials","Physical Location",Jazz,,,8436559469906,,20.98,0,0,0,1,0,1,0,"2026-06-22 12:00:00",0
"Billy Idol: Billy Idol","Physical Location","Pop / Rock",,,0602557363494,,27.98,0,0,0,1,0,1,0,"2025-09-30 12:00:00",0
"Billy Idol: Charmed Life","Physical Location","Pop / Rock",,,0602465558531,,32.99,0,0,0,1,0,1,0,"2025-09-30 12:00:00",0
"Billy Idol: Don't Stop","Physical Location","Pop / Rock",,,0602465583748,,27.98,0,0,0,1,0,1,0,"2025-09-30 12:00:00",0
"Billy Idol: Rebel Yell","Physical Location","Pop / Rock",,,602557363418,,27.98,0,2,0,0,0,0,0,"2025-09-03 12:00:00",2
"Billy Idol: Vital Idol (used cd)","Physical Location","Pop / Rock",,,154038,,7.5,0,0,0,1,0,1,0,"2025-09-12 12:00:00",0
"Billy Idol: Whiplash Smile","Physical Location","Pop / Rock",,,0602465558562,,27.98,0,0,0,1,0,1,0,"2025-09-30 12:00:00",0
"Billy Joel: 52nd Street (mofi)","Physical Location","Pop / Rock",,,887254697916,,59.99,0,1,0,1,0,1,0,"2025-09-29 00:00:00",0
"Billy Joel: 52nd Street (sacd)","Physical Location","Pop / Rock",,,821797209069,,34.98,0,0,0,1,0,1,0,"2025-12-28 12:00:00",0
"Billy Joel: The Stranger (mofi)","Physical Location","Pop / Rock",,,887254697817,,59.99,0,0,0,1,0,1,0,"2025-10-07 12:00:00",1
"Billy Joel: The Stranger (sacd)","Physical Location","Pop / Rock",,,821797208963,,34.98,0,1,0,1,0,1,0,"2025-12-28 12:00:00",1
"Bing Crosby/David Bowie: Peace on Earth/Little Drummer Boy","Physical Location",Holiday,,,792755872369,,25.98,0,0,0,0,0,0,0,"2025-10-29 12:00:00",1
"Black Keys: No Rain No Flowers","Physical Location","Pop / Rock",,,093624830580,,27.98,0,1,0,1,0,1,0,"2025-10-10 12:00:00",3
"Black Panther Wakanda Forever: Soundtrack","Physical Location",Soundtracks,,,050087520410,,46.98,0,0,0,2,0,2,0,"2026-06-22 12:00:00",0
"Black Pumas: Chronicles of a Diamond","Physical Location",R&B,,,880882584610,,25.99,0,0,0,1,0,1,0,"2025-11-05 12:00:00",0
"Black Sabbath: Black Sabbath","Physical Location",Metal,,,0081227946661,,24.98,0,0,0,2,0,2,0,"2025-10-10 12:00:00",1
"Black Sabbath: Paranoid","Physical Location",Metal,,,0081227946708,,24.98,0,3,1,0,0,0,0,"2026-02-08 12:00:00",6
"Black Swan: Soundtrack","Physical Location",Soundtracks,,,8719262037106,,34.98,0,0,0,3,0,3,0,"2025-11-15 12:00:00",1
"Blind Melon: Blind Melon","Physical Location","Pop / Rock",,,0600753440377,,34.98,0,0,0,1,0,1,0,"2026-01-06 12:00:00",3
"Blondie: Blondie","Physical Location","Pop / Rock",,,600753550328,,27.98,0,1,0,1,0,1,0,"2025-09-04 12:00:00",0
"Blue: Reflections (blue vinyl)","Physical Location",Indie,,,711297411607,,21.98,0,0,0,3,0,3,0,"2026-02-15 12:00:00",0
"Bob Dylan & Neil Young: Live on Air 1988 [DNR]","Physical Location","Pop / Rock",,,4262428984348,,26.98,0,0,0,5,0,5,0,"2026-02-28 12:00:00",0
"Bob Dylan: Blonde on Blonde (mofi)","Physical Location",Folk,,,821797450096,,100,0,0,0,1,0,1,0,"2025-10-20 12:00:00",0
"Bob Dylan: Blood On Tracks","Physical Location","Pop / Rock",,,290759506615,,22.98,0,0,0,0,0,0,0,"2025-10-04 12:00:00",1
"Bob Dylan: Bob Dylan (mofi)","Physical Location","Pop / Rock",,,821797152310,,59.99,0,2,0,1,0,1,0,"2025-09-10 12:00:00",1
"Bob Dylan: Freewheelin' Bob (cd)","Physical Location","Pop / Rock",,,82796239629,,9.99,0,0,0,1,0,1,0,"2025-11-23 12:00:00",1
"Bob Dylan: Good as I Been to You (mofi)","Physical Location","Pop / Rock",,,196587247119,,59.99,0,1,0,1,0,1,0,"2025-09-10 12:00:00",0
"Bob Dylan: Greatest Hits (cd)","Physical Location","Pop / Rock",,,821797212069,,34.98,0,1,0,1,0,1,0,"2025-09-10 12:00:00",0
"Bob Dylan: Greatest Hits (mofi)","Physical Location","Pop / Rock",,,888750225511,,59.99,0,2,0,1,0,1,0,"2025-09-10 12:00:00",2
"Bob Marley and the Wailers: Legend","Physical Location","Pop / Rock",,,600753030523,,29.99,0,1,1,3,0,3,0,"2026-06-22 12:00:00",10
"Bob Marley and the Wailers: The Capitol Session","Physical Location","Pop / Rock",,,602435955759,,49.98,0,0,0,0,0,0,0,"2025-11-05 12:00:00",1
"Bob Seger & The Silver Bullet Band: Greatest Hits","Physical Location","Pop / Rock",,,602557499414,,32.99,0,0,0,1,0,1,0,"2026-04-10 12:00:00",0
"Bob Seger & The Silver Bullet Band: Live Bullet","Physical Location","Pop / Rock",,,602435742779,,48.98,0,0,0,0,0,0,0,"2025-11-05 12:00:00",1
"Bon Iver: For Emma Forever Ago","Physical Location","Pop / Rock",,,0656605211510,,22.98,0,3,1,2,0,2,0,"2026-03-29 12:00:00",6
"Bon Jovi: Slippery When Wet","Physical Location","Pop / Rock",,,602547029218,,29.99,0,2,0,0,0,0,0,"2025-09-04 12:00:00",2
"Boygenius: The Record","Physical Location","Pop / Rock",,,602455067432,,29.98,0,1,0,2,0,2,0,"2025-10-07 12:00:00",4
"Brand New: Devil and God","Physical Location","Pop / Rock",,,602478218095,,37.99,0,0,0,3,0,3,0,"2026-05-28 12:00:00",0
"Brand New: Devil and God (import)","Physical Location","Pop / Rock",,,0600753423264,,50.99,0,0,0,0,0,0,0,"2025-11-11 12:00:00",2
"Brandi Carlile/Elton John: Who Believes in Angels? ","Physical Location","Pop / Rock",,,602465958034,,37.99,0,2,0,1,0,1,0,"2025-09-04 12:00:00",1
"Brandi Carlile/Elton John: Who Believes in Angels?  (cd)","Physical Location","Pop / Rock",,,602465957945,,13.99,0,1,0,1,0,1,0,"2025-09-04 12:00:00",0
"Brandi Carlile: By The Way I Forgive You","Physical Location","Pop / Rock",,,075678659171,,24.98,0,1,0,2,0,2,0,"2025-11-23 12:00:00",2
"Brandi Carlile: In These Silent Days","Physical Location","Pop / Rock",,,075678643187,,24.98,0,1,0,2,0,2,0,"2025-11-04 12:00:00",3
"Brandi Carlile: In These Silent Days (cd)","Physical Location","Pop / Rock",,,075678643163,,14.98,0,0,0,1,0,1,0,"2025-10-29 12:00:00",1
"Brandi Carlile: Live at the Benaroya Hall (cd)","Physical Location","Pop / Rock",,,886978508720,,9.99,0,1,0,3,0,3,0,"2025-10-24 12:00:00",1
"Brandi Carlile: Returning to Me","Physical Location","Pop / Rock",,,602478875588,,32.99,0,3,1,1,0,1,0,"2025-10-31 12:00:00",5
"Brandi Carlile: Returning to Me (cd)","Physical Location","Pop / Rock",,,602478920462,,13.99,0,0,0,1,0,1,0,"2025-10-24 12:00:00",3
"Brandi Carlile: The Firewatcher's Daughter","Physical Location","Pop / Rock",,,880882421311,,27.98,0,2,0,1,0,1,0,"2025-10-10 12:00:00",4
"Bread: Best Of Bread (import)","Physical Location","Pop / Rock",,,603497859146,,34.99,0,0,0,0,0,0,0,"2026-04-18 12:00:00",2
"Breeders: Last Splash","Physical Location","Pop / Rock",,,652637301410,,28.99,0,0,0,1,0,1,0,"2026-07-02 12:00:00",2
"Brooks & Dunn: Reboot II","Physical Location",Country,,,198028294010,,28.98,0,0,0,0,0,0,0,"2025-11-15 12:00:00",1
"Brothers Osborne: Brothers Osborne","Physical Location",Country,,,602455804426,,27.98,0,0,0,1,0,1,0,"2025-11-15 12:00:00",0
"Bruce Springsteen: Born in the USA","Physical Location","Pop / Rock",,,888750142818,,27.98,0,2,0,2,0,2,0,"2025-09-03 12:00:00",0
"Bruce Springsteen: Born in the USA","Physical Location","Pop / Rock",,,0888750142818,,27.98,0,0,0,1,0,1,0,"2025-09-30 12:00:00",1
"Bruce Springsteen: Born to Run","Physical Location","Pop / Rock",,,888750142412,,27.98,0,0,0,1,0,1,0,"2025-11-15 12:00:00",0
"Bruce Springsteen: Greetings From Asbury Park NJ (sacd)","Physical Location","Pop / Rock",,,196587965723,,34.98,0,0,0,1,0,1,0,"2025-11-05 12:00:00",0
"Bruce Springsteen: The Wild (sacd)","Physical Location","Pop / Rock",,,196588114625,,34.98,0,0,0,1,0,1,0,"2025-11-05 12:00:00",0
"Bruno Mars: 24K Magic","Physical Location","Pop / Rock",,,0075678662720,,24.98,0,0,0,1,0,1,0,"2025-11-23 12:00:00",2
"Bruno Mars: Doo Wops & Hooligans","Physical Location","Pop / Rock",,,0075678893032,,24.98,0,0,0,1,0,1,0,"2026-04-10 12:00:00",1
"Bruno Mars: Doo Wops & Hooligans (cd)","Physical Location","Pop / Rock",,,075678912153,,11.98,0,0,0,1,0,1,0,"2026-05-28 12:00:00",2
"Bruno Mars: The Romantic (cd)","Physical Location","Pop / Rock",,,075678590696,,14.98,0,0,0,1,0,1,0,"2026-03-07 12:00:00",0
"Bruno Mars: The Romantic (Red vinyl)","Physical Location","Pop / Rock",,,075678590610,,27.98,0,0,0,1,0,1,0,"2026-04-16 12:00:00",3
"Bruno Mars: Unorthodox Jukebox","Physical Location","Pop / Rock",,,0075678761713,,24.98,0,0,0,1,0,1,0,"2025-10-22 12:00:00",0
"BTS: Wake Up","Physical Location","Pop / Rock",,,4524135182595,,62.98,0,2,0,2,0,2,0,"2025-09-10 12:00:00",0
"Buena Vista Social Club: Buena Vista Social Club (AP)","Physical Location",Unassigned,,,753088016776,,153.25,0,0,0,0,0,0,0,"2025-10-11 12:00:00",1
"Bush: Sixteen Stone (cd)","Physical Location",Metal,,,860830000102,,11.98,0,0,0,1,0,1,0,"2025-10-11 12:00:00",0
Button,"Physical Location",Accessories,,,14567876573,,0.99,0,0,0,38,0,38,0,"2025-10-05 12:00:00",38
"Byrds: Byrds","Physical Location","Pop / Rock",,,829421950585,,36.98,0,0,0,1,0,1,0,"2025-11-05 12:00:00",0
"C418: Minecraft Volume Alpha (green vinyl)","Physical Location",Soundtracks,,,804297824338,,24.98,0,3,0,1,0,1,0,"2026-03-08 12:00:00",5
"Call Me By Your Name: Soundtrack","Physical Location",Soundtracks,,,8719262006041,,45.98,0,0,0,1,0,1,0,"2026-06-05 12:00:00",1
"Cardi B.: Am I The Drama (blue)","Physical Location",HipHop,,,075678594052,,39.98,0,0,0,1,0,1,0,"2025-10-25 12:00:00",0
"Cardi B.: Am I The Drama (cd)","Physical Location",HipHop,,,075678591983,,8.98,0,0,0,1,0,1,0,"2025-10-25 12:00:00",0
"Carole King: Tapestry (mofi)","Physical Location","Pop / Rock",,,194398815312,,39.99,0,2,0,0,0,0,0,"2025-09-10 12:00:00",3
"Carole King: Tapestry (sacd)","Physical Location","Pop / Rock",,,821797211765,,34.98,0,2,0,1,0,1,0,"2025-09-10 12:00:00",1
"Carpenters: Collected","Physical Location","Pop / Rock",,,0602557536409,,48.98,0,1,0,1,0,1,0,"2025-09-30 00:00:00",0
"Carrtoons: Homegrown (green vinyl)","Physical Location",HipHop,,,634457238664,,24.98,0,0,0,3,0,3,0,"2026-02-15 12:00:00",0
"Chappell Roan: The Rise and Fall of a Midwest Princess (cd)","Physical Location","Pop / Rock",,,602458321340,,11.99,0,2,0,1,0,1,0,"2025-09-04 12:00:00",1
"Chappell Roan: The Rise and Fall of the Midwest Princess","Physical Location","Pop / Rock",,,602455750181,,32.99,0,2,0,2,0,2,0,"2026-03-29 12:00:00",4
"Charles Bradley: Changes","Physical Location","Pop / Rock",,,823134004115,,27.99,0,0,0,2,0,2,0,"2026-06-22 12:00:00",0
"Charles Tolliver: Live at Slugs' vol 1 + 2","Physical Location",Jazz,,,673203501010,,44.98,0,0,0,1,0,1,0,"2025-10-20 12:00:00",0
"Charley Crockett: Lonesome Drifter","Physical Location",Country,,,602475843139,,25.99,0,0,0,1,0,1,0,"2026-04-24 12:00:00",1
"Charley Crockett: Lonesome Drifter (cd)","Physical Location",Country,,,602475843108,,13.99,0,0,0,0,0,0,0,"2026-04-24 12:00:00",1
"Charlie Parker: The Magnificent Charlie Parker","Physical Location",Jazz,,,602508143359,,27.98,0,0,0,1,0,1,0,"2025-11-05 12:00:00",1
"Cheap Trick: At Budokan (cd)","Physical Location","Pop / Rock",,,0886972666228,,9.99,0,0,0,1,0,1,0,"2025-11-03 12:00:00",0
"Cheap Trick: Authorized Greatest Hits","Physical Location","Pop / Rock",,,194399672013,,30.98,0,0,0,1,0,1,0,"2025-10-31 18:08:37",1
"Cheap Trick: Dream Police (cd)","Physical Location","Pop / Rock",,,886976951726,,9.99,0,0,0,1,0,1,0,"2025-10-11 12:00:00",0
"Cheap Trick: Greatest Hits (cd)","Physical Location","Pop / Rock",,,886978824721,,9.99,0,0,0,1,0,1,0,"2025-11-03 12:00:00",2
"Chet Baker: Chet Baker Sings","Physical Location",Jazz,,,602508358913,,38.98,0,0,0,0,0,0,0,"2026-06-05 12:00:00",1
"Chicago: Chicago IX Greatest Hits","Physical Location","Pop / Rock",,,0603497816118,,34.98,0,0,0,2,0,2,0,"2026-04-16 12:00:00",2
"Chicago: GH 1982 - 1989","Physical Location","Pop / Rock",,,0081227944278,,24.98,0,0,0,0,0,0,0,"2025-09-30 12:00:00",1
"Chicago: Greatest Hits","Physical Location","Pop / Rock",,,0081227906979,,19.98,0,0,0,2,0,2,0,"2026-04-16 12:00:00",1
"Chicago: Very Best Of (cd)","Physical Location","Pop / Rock",,,0081227617028,,19.98,0,0,0,1,0,1,0,"2025-09-30 12:00:00",0
"Chico Freeman: Spirit Sensitive (AP)","Physical Location",Jazz,,,753088015113,,41.98,0,0,0,1,0,1,0,"2025-12-01 12:00:00",0
"Chris Stapleton: Starting Over","Physical Location",Country,,,602435030074,,39.98,0,1,0,2,0,2,0,"2026-05-28 12:00:00",2
"Chris Stapleton: Traveller","Physical Location",Country,,,602547255228,,32.99,0,1,0,2,0,2,0,"2026-05-28 12:00:00",8
"Christina Perri: Lovestrong","Physical Location","Pop / Rock",,,075678626227,,24.98,0,0,0,1,0,1,0,"2025-12-28 12:00:00",0
"Church: Starfish","Physical Location","Pop / Rock",,,707129301567,,45,0,0,0,1,0,1,0,"2025-11-29 12:00:00",1
"Cigarettes After Sex: Cigarettes After Sex","Physical Location","Pop / Rock",,,720841214618,,25.99,0,0,0,1,0,1,0,"2026-03-07 12:00:00",3
"Clash: Combat Rock","Physical Location","Pop / Rock",,,887254469711,,27.98,0,0,0,0,0,0,0,"2025-10-12 12:00:00",1
"Clash: London Calling","Physical Location","Pop / Rock",,,887254469919,,35.98,0,0,0,0,0,0,0,"2026-01-18 12:00:00",3
"Clipse: Let God Sort em Out","Physical Location",HipHop,,,810182964621,,29.98,0,1,0,1,0,1,0,"2026-04-18 12:31:50",2
"Cocteau Twins: Heaven Or Las Vegas","Physical Location","Pop / Rock",,,652637342017,,31.99,0,0,0,0,0,0,0,"2026-04-18 12:25:45",2
"Coldplay: Moon Music (ocean cleanup)","Physical Location","Pop / Rock",,,5021732278982,,49.99,0,0,0,2,0,2,0,"2025-09-10 12:00:00",0
"Coldplay: Parachutes","Physical Location","Pop / Rock",,,021732630865,,29.98,0,0,0,1,0,1,0,"2026-07-02 12:00:00",2
"Coldplay: Rush of Blood","Physical Location","Pop / Rock",,,021732630872,,29.98,0,1,1,1,0,1,0,"2026-07-02 12:00:00",4
"Coldplay: Viva La Vida","Physical Location","Pop / Rock",,,021732546623,,29.98,0,0,0,0,0,0,0,"2025-10-11 12:00:00",1
"Collective Soul: Collective Soul","Physical Location","Pop / Rock",,,888072155213,,25.98,0,1,0,1,0,1,0,"2025-09-03 12:00:00",0
"Collective Soul: Hints, Allegations & Things Left Unsaid","Physical Location","Pop / Rock",,,888072168398,,25.98,0,2,0,1,0,1,0,"2026-05-28 12:00:00",2
"Colter Wall: Western Swing (red vinyl)","Physical Location",Country,,,196588300417,,24.98,0,0,0,2,0,2,0,"2026-06-22 12:00:00",4
"Commodores: Commodores","Physical Location","Pop / Rock",,,602557431612,,27.98,0,0,0,2,0,2,0,"2026-06-06 12:00:00",0
"Common: Be","Physical Location",HipHop,,,602498819029,,32.99,0,0,0,1,0,1,0,"2026-03-08 12:00:00",3
"Counting Crows: August and Everything After","Physical Location","Pop / Rock",,,602557097658,,37.99,0,2,0,0,0,0,0,"2026-05-28 12:00:00",4
"Crosby, Stills, and Nash: Crosby, Stills, and Nash (AT75)","Physical Location","Pop / Rock",,,753088751875,,65.98,0,0,0,0,0,0,0,"2025-10-14 12:00:00",1
"Crosby, Stills, and Nash: Greatest Hits","Physical Location","Pop / Rock",,,603497830602,,36.98,0,0,0,0,0,0,0,"2026-04-10 12:00:00",1
"Cure: Disintegration","Physical Location","Pop / Rock",,,081227981693,,39.98,0,0,0,1,0,1,0,"2026-05-28 12:00:00",1
"Cure: Greatest Hits (cd)","Physical Location","Pop / Rock",,,075596272629,,14.98,0,0,0,0,0,0,0,"2025-11-23 12:00:00",3
"Cyndi Lauper: True Colors (mofi)","Physical Location","Pop / Rock",,,886979871915,,29.99,0,2,0,1,0,1,0,"2025-09-10 12:00:00",1
"D'Angelo: Voodoo","Physical Location",R&B,,,0602547240842,,37.99,0,0,0,1,0,1,0,"2026-01-06 12:00:00",1
"Daft Punk: Discovery","Physical Location","Pop / Rock",,,190296617164,,34.98,0,3,1,0,0,0,0,"2025-12-14 12:00:00",5
"Daft Punk: Discovery (cd)","Physical Location","Pop / Rock",,,190296610424,,12.98,0,0,0,0,0,0,0,"2025-11-11 12:00:00",1
"Daft Punk: Random Access Memories","Physical Location","Pop / Rock",,,196587737313,,51.98,0,1,0,3,0,3,0,"2026-05-28 12:00:00",3
"Dan Fogelberg: Dan Fogelberg's Greatest Hits","Physical Location","Pop / Rock",,,829421783084,,37.98,0,0,0,1,0,1,0,"2025-11-05 12:00:00",0
"Dave Brubeck: Carnegie (cd)","Physical Location",Jazz,,,0074646145524,,15.99,0,0,0,0,0,0,0,"2025-10-25 12:00:00",1
"Dave Brubeck: Time Out","Physical Location",Jazz,,,8436028696765,,27.98,0,1,0,1,0,1,0,"2026-04-10 20:32:41",2
"Dave Matthews: Crash Anniversary Edition","Physical Location","Pop / Rock",,,888751894013,,31.98,0,1,0,2,0,2,0,"2026-05-28 12:00:00",4
"Dave Matthews: Under the Table","Physical Location","Pop / Rock",,,0888750229212,,35.98,0,0,0,3,0,3,0,"2025-09-30 00:00:00",3
"David Bowie: Heroes","Physical Location","Pop / Rock",,,190295842840,,24.98,0,0,0,2,0,2,0,"2026-05-28 12:00:00",2
"David Bowie: Let's Dance","Physical Location","Pop / Rock",,,190295692735,,24.98,0,2,0,1,0,1,0,"2025-09-04 12:00:00",1
"David Bowie: The Man Who Sold The World","Physical Location","Pop / Rock",,,825646287383,,24.98,0,0,0,1,0,1,0,"2026-04-10 12:00:00",0
"David Bowie: Ziggy Stardust","Physical Location","Pop / Rock",,,82546287376,,24.98,0,0,0,2,0,2,0,"2026-06-05 12:00:00",5
"David Byrne: Who is The Sky","Physical Location","Pop / Rock",,,191401217842,,33.98,0,1,0,1,0,1,0,"2025-11-04 12:00:00",2
"De La Soul: Three Feet High and Rising (yellow vinyl)","Physical Location",HipHop,,,810098502580,,38.98,0,2,0,1,0,1,0,"2026-03-07 12:00:00",5
"Dead or Alive: Youthquake","Physical Location","Pop / Rock",,,8719262030466,,39.99,0,0,0,1,0,1,0,"2025-09-30 12:00:00",1
"Death Cab For Cutie: The Georgia EP (peach vinyl)","Physical Location","Pop / Rock",,,655173119815,,16.98,0,0,0,0,0,0,0,"2025-11-05 12:00:00",1
"Death Grips: No Love Deep Web","Physical Location",HipHop,,,602537531776,,30.98,0,0,0,1,0,1,0,"2025-11-05 12:00:00",1
"Deep Purple: Best Of (cd)","Physical Location","Pop / Rock",,,943674278756,,15.99,0,0,0,2,0,2,0,"2026-04-18 12:00:00",2
"Deep Purple: Burn","Physical Location","Pop / Rock",,,603497850433,,24.98,0,0,0,1,0,1,0,"2026-04-18 12:00:00",0
"Deep Purple: In Rock","Physical Location",Metal,,,0825646035083,,38.99,0,0,0,1,0,1,0,"2025-09-30 12:00:00",0
"Deep Purple: In Rock (cd)","Physical Location",Metal,,,0724383401925,,9.99,0,0,0,2,0,2,0,"2025-12-24 12:00:00",0
"Deep Purple: In Rock (cd)","Physical Location","Pop / Rock",,,724383401925,,9.99,0,0,0,1,0,1,0,"2025-12-24 12:00:00",0
"Deep Purple: Machine Head","Physical Location","Pop / Rock",,,081227562212,,24.98,0,0,0,1,0,1,0,"2026-04-18 12:00:00",0
"Deep Sea Diver: Billboard Heart (color vinyl)","Physical Location",Indie,,,716650,,24.98,0,0,0,1,0,1,0,"2026-03-29 12:00:00",0
"Def Leppard: Adrenalize","Physical Location","Pop / Rock",,,060256731816,,27.98,0,0,0,1,0,1,0,"2025-09-30 12:00:00",1
"Def Leppard: Diamond Star Halos","Physical Location","Pop / Rock",,,602438945160,,48.98,0,2,0,2,0,2,0,"2025-09-04 12:00:00",0
"Def Leppard: Diamond Star Halos (cd)","Physical Location","Pop / Rock",,,602438945115,,13.99,0,0,0,1,0,1,0,"2026-03-07 12:00:00",0
"Def Leppard: Euphoria","Physical Location","Pop / Rock",,,602567313847,,37.99,0,1,0,1,0,1,0,"2025-09-03 12:00:00",0
"Def Leppard: High n Dry","Physical Location",Unassigned,,,602508030680,,27.98,0,2,0,0,0,0,0,"2026-04-16 12:00:00",3
"Def Leppard: Hysteria","Physical Location","Pop / Rock",,,602557560923,,37.99,0,1,0,1,0,1,0,"2025-09-03 12:00:00",2
"Def Leppard: Hysteria (cd)","Physical Location","Pop / Rock",,,602557567014,,13.95,0,0,0,2,0,2,0,"2025-12-08 12:00:00",1
"Def Leppard: On Through The Night","Physical Location","Pop / Rock",,,602508007224,,27.98,0,1,0,1,0,1,0,"2026-04-16 12:00:00",1
"Def Leppard: Pyromania","Physical Location","Pop / Rock",,,602557773620,,27.98,0,2,0,1,0,1,0,"2025-09-03 12:00:00",1
"Def Leppard: Pyromania (cd)","Physical Location","Pop / Rock",,,042281030826,,13.95,0,0,0,1,0,1,0,"2025-12-08 12:00:00",2
"Def Leppard: Retro Active","Physical Location","Pop / Rock",,,6022567313823,,37.99,0,1,0,1,0,1,0,"2025-09-03 12:00:00",0
"Def Leppard: The Story So Far (cd)","Physical Location","Pop / Rock",,,602567910329,,13.99,0,0,0,0,0,0,0,"2026-03-08 12:00:00",2
"Deftones: Around the Fur","Physical Location",Metal,,,093624957805,,24.98,0,0,0,2,0,2,0,"2026-07-02 12:00:00",3
"Deftones: Around the Fur (cd)","Physical Location",Metal,,,0093624681021,,9.98,0,0,0,0,0,0,0,"2026-03-08 12:00:00",3
"Deftones: Private Music (clear vinyl)","Physical Location",Metal,,,093624032355,,29.98,0,0,0,1,0,1,0,"2025-09-30 12:00:00",0
"Deftones: Private Music (fog vinyl)","Physical Location",Metal,,,093624832331,,29.98,0,0,0,0,0,0,0,"2025-09-30 12:00:00",1
"Demi Lovato: Dancing With the Devil","Physical Location","Pop / Rock",,,602435968261,,39.99,0,0,0,1,0,1,0,"2026-06-22 12:00:00",0
"Demi Lovato: It's Not That Deep (cd)","Physical Location","Pop / Rock",,,602478957833,,13.99,0,0,0,2,0,2,0,"2025-11-05 12:00:00",0
"Demi Lovato: It's Not That Deep (lavender vinyl)","Physical Location","Pop / Rock",,,602478865947,,29.99,0,0,0,2,0,2,0,"2025-11-05 12:00:00",0
"Depeche Mode: Best of Depeche Mode","Physical Location","Pop / Rock",,,198028411011,,62.98,0,0,0,1,0,1,0,"2026-06-05 12:00:00",1
"Depeche Mode: Best of Depeche Mode (cd)","Physical Location","Pop / Rock",,,198026411127,,12.96,0,0,0,1,0,1,0,"2026-04-18 12:00:00",1
"Depeche Mode: Music For the Masses","Physical Location","Pop / Rock",,,198028411219,,26.98,0,0,0,0,0,0,0,"2026-06-05 12:00:00",2
"Depeche Mode: Violator","Physical Location","Pop / Rock",,,198028410816,,28.98,0,0,0,1,0,1,0,"2026-06-05 19:14:55",4
"Descendents: I Don't Want to Grow Up","Physical Location","Pop / Rock",,,18861014319,,29.99,0,1,0,1,0,1,0,"2025-09-10 12:00:00",0
"Descendents: Milo Goes to College","Physical Location","Pop / Rock",,,711574963515,,28.98,0,0,0,1,0,1,0,"2025-10-20 12:00:00",0
"Devo: Freedom of Choice","Physical Location","Pop / Rock",,,603497853397,,24.98,0,1,0,2,0,2,0,"2025-10-10 12:00:00",3
"Dio: Holy Diver (rhino reserve)","Physical Location",Metal,,,603497807796,,31.98,0,0,0,1,0,1,0,"2026-06-05 12:00:00",1
"Dire Straits: Brothers in Arms","Physical Location","Pop / Rock",,,603497848577,,39.98,0,2,0,1,0,1,0,"2025-09-03 12:00:00",1
"Dire Straits: Dire Straits (mofi)","Physical Location","Pop / Rock",,,821797246613,,59.99,0,0,0,0,0,0,0,"2025-10-25 12:00:00",1
"Dirty Dancing: Soundtrack","Physical Location",Soundtracks,,,888751210110,,22.98,0,0,0,0,0,0,0,"2026-03-29 12:00:00",1
"DMX: Exodus","Physical Location",HipHop,,,602438261345,,34.98,0,1,0,1,0,1,0,"2025-09-10 12:00:00",0
"Doechii: Alligator Bites Never Heal","Physical Location",HipHop,,,602475859116,,42.99,0,1,0,0,0,0,0,"2025-09-04 12:00:00",1
"Dokken: Breaking The Chains (gold vinyl)","Physical Location","Pop / Rock",,,829421622291,,36.98,0,0,0,1,0,1,0,"2025-11-05 12:00:00",0
"Dolly Parton: Jolene","Physical Location",Country,,,190759589618,,25.98,0,0,0,1,0,1,0,"2026-05-28 12:00:00",3
"Donna Summer: Love to Love You (cd)","Physical Location","Pop / Rock",,,4988031275245,,12.99,0,0,0,1,0,1,0,"2026-03-08 12:00:00",1
"Donna Summer: On The Radio","Physical Location","Pop / Rock",,,602567447146,,37.99,0,0,0,1,0,1,0,"2026-04-18 12:00:00",1
"Doobie Bros: Best of the Doobies","Physical Location","Pop / Rock",,,0081227962364,,24.98,0,0,0,1,0,1,0,"2026-05-28 12:00:00",1
"Doors: Doors","Physical Location","Pop / Rock",,,081227986506,,24.98,0,0,0,1,0,1,0,"2026-04-18 12:00:00",1
"Drew Holcomb: Dragons","Physical Location",Indie,,,0644216241668,,19.98,0,0,0,1,0,1,0,"2025-10-20 12:00:00",0
"Drop Nineteens: Deleware","Physical Location","Pop / Rock",,,0843563173138,,34.98,0,0,0,1,0,1,0,"2025-12-08 12:00:00",0
"Dry Cleaning: Secret Love (apricot vinyl limited indie)","Physical Location","Pop / Rock",,,191400086807,,27.98,0,0,0,3,0,3,0,"2026-02-15 00:00:00",0
"Dry Cleaning: Secret Love LP","Physical Location","Pop / Rock",,,191400086814,,25.98,0,0,0,4,0,4,0,"2026-02-16 12:00:00",0
"Dua Lipa: Future Nostalgia","Physical Location","Pop / Rock",,,190295288501,,24.98,0,2,0,1,0,1,0,"2025-09-04 12:00:00",1
"Duran Duran: Greatest","Physical Location","Pop / Rock",,,5021732830470,,34.98,0,0,0,2,0,2,0,"2026-04-16 12:00:00",2
"Duran Duran: Greatest (cd)","Physical Location","Pop / Rock",,,724349623927,,14.98,0,0,0,1,0,1,0,"2025-11-15 12:00:00",1
"Duran Duran: Rio","Physical Location","Pop / Rock",,,054197540872,,24.98,0,0,0,0,0,0,0,"2026-05-28 12:00:00",4
"Duran Duran: Rio (cd)","Physical Location","Pop / Rock",,,724352992409,,9.98,0,0,0,1,0,1,0,"2025-10-14 12:00:00",0
"Durand Jones: Flowers (blue vinyl)","Physical Location",R&B,,,656605166735,,24.98,0,1,0,2,0,2,0,"2026-05-28 12:00:00",2
"Eagles: Desparado (sacd)","Physical Location","Pop / Rock",,,821797223065,,34.98,0,1,0,1,0,1,0,"2025-09-10 12:00:00",0
"Eagles: Greatest Hits","Physical Location","Pop / Rock",,,018227979379,,24.98,0,1,0,2,0,2,0,"2026-07-02 12:00:00",4
"Eagles: Hotel California","Physical Location","Pop / Rock",,,081227961619,,24.98,0,2,0,1,0,1,0,"2026-04-18 12:00:00",3
"Eagles: Hotel California (sacd)","Physical Location","Pop / Rock",,,821797223362,,34.98,0,1,0,1,0,1,0,"2025-09-10 12:00:00",0
"Eagles: The Long Run (sacd)","Physical Location","Pop / Rock",,,821797223461,,34.98,0,0,0,1,0,1,0,"2025-09-29 12:00:00",0
"Earth Wind and Fire: Best Of","Physical Location","Pop / Rock",,,889854323417,,22.98,0,0,0,1,0,1,0,"2026-03-07 12:00:00",3
"Ed Sheeran: Autumn Variations","Physical Location","Pop / Rock",,,5054197767289,,21.98,0,1,0,1,0,1,0,"2025-09-04 12:00:00",0
"Ed Sheeran: Divide (deluxe)","Physical Location","Pop / Rock",,,190295859015,,39.98,0,1,0,0,0,0,0,"2026-05-28 12:00:00",2
"Edifier R1280T (brown)","Physical Location",Accessories,,,0875674001345,,149.99,0,0,0,1,0,1,0,"2026-01-10 12:00:00",1
"Edifier R1700BT (brown)","Physical Location",Accessories,,,0875674001352,,219.99,0,0,0,1,0,1,0,"2025-11-03 12:00:00",0
"Ella Fitzgerald/Louis Armstrong: Ella & Louis Again (sacd)","Physical Location",Jazz,,,4988031621523,,34.98,0,0,0,0,0,0,0,"2025-10-14 12:00:00",1
"ELO: All Over the World","Physical Location","Pop / Rock",,,889853179411,,30.98,0,0,0,2,0,2,0,"2026-04-16 12:00:00",1
"ELO: All Over the World (red/white vinyl)","Physical Location","Pop / Rock",,,194398834016,,29.98,0,0,0,-2,0,-2,0,"2026-04-21 19:35:54",3
"ELO: Face the Music","Physical Location","Pop / Rock",,,198029934014,,26.98,0,0,0,4,0,4,0,"2026-02-15 12:00:00",1
"Elton John: Diamonds","Physical Location","Pop / Rock",,,602557681949,,37.99,0,1,0,2,0,2,0,"2025-12-14 12:00:00",2
"Elton John: Diamonds (cd)","Physical Location","Pop / Rock",,,602577540899,,24.98,0,2,0,2,0,2,0,"2025-09-03 12:00:00",0
"Elton John: Goodbye Yellow Brick Road","Physical Location","Pop / Rock",,,0602537534951,,37.99,0,0,0,2,0,2,0,"2026-04-18 12:00:00",2
"Elvis Presley: The Essential Elvis Presley","Physical Location","Pop / Rock",,,888751507319,,30.98,0,1,0,1,0,1,0,"2026-03-08 12:00:00",2
"Em Beihold: Tales of a Failed Shapeshifter","Physical Location","Pop / Rock",,,199957014656,,32.99,0,0,0,0,0,0,0,"2026-05-28 12:00:00",1
"Emerson, Lake & Palmer: Emerson, Lake & Palmer ","Physical Location","Pop / Rock",,,4050538179958,,30.98,0,0,0,1,0,1,0,"2025-12-28 12:00:00",0
"Emerson, Lake & Palmer: Emerson, Lake & Palmer (mofi)","Physical Location","Pop / Rock",,,821797157612,,39.99,0,1,0,2,0,2,0,"2025-11-18 12:00:00",1
"Emerson, Lake & Palmer: Emerson, Lake & Palmer (sacd)","Physical Location","Pop / Rock",,,821797229968,,34.99,0,0,0,1,0,1,0,"2025-11-05 12:00:00",0
"Emerson, Lake & Palmer: Fanfare-The Best Of (cd)","Physical Location","Pop / Rock",,,4050538482447,,12.98,0,0,0,1,0,1,0,"2026-05-28 12:00:00",1
"Eminem: Curtain Call","Physical Location","Pop / Rock",,,602498878965,,32.99,0,1,0,3,0,3,0,"2025-11-11 12:00:00",1
"Eminem: The Marshall Mathers","Physical Location",HipHop,,,602478283086,,50.98,0,0,0,0,0,0,0,"2025-11-05 12:00:00",1
"Eminen: Eminem Show (cd)","Physical Location",HipHop,,,606949439020,,13.95,0,0,0,1,0,1,0,"2025-10-11 12:00:00",0
"Eric Church: Chief","Physical Location",Country,,,602435500232,,29.99,0,1,0,0,0,0,0,"2025-09-04 12:00:00",1
"Etta James: At Last (lp + bonus cd)","Physical Location",Jazz,,,8436569194706,,24.99,0,2,0,2,0,2,0,"2026-05-28 12:00:00",2
"Everclear: So Much for Afterglow","Physical Location","Pop / Rock",,,684334915607,,43,0,0,0,0,0,0,0,"2025-09-30 12:00:00",1
"F1: Soundtrack","Physical Location",Soundtracks,,,075678599415,,27.98,0,0,0,1,0,1,0,"2025-09-30 12:00:00",0
"Fall Out Boy: American Beauty/Psycho","Physical Location","Pop / Rock",,,602547168740,,27.98,0,0,0,1,0,1,0,"2026-04-18 12:00:00",1
"Fall Out Boy: American Beauty/Psycho (cd)","Physical Location","Pop / Rock",,,602547168733,,14.98,0,0,0,1,0,1,0,"2025-10-29 12:00:00",0
"Fall Out Boy: From Under the Cork Tree","Physical Location","Pop / Rock",,,602557111330,,37.99,0,0,0,0,0,0,0,"2025-10-07 12:00:00",2
"Fall Out Boy: Infinity on High","Physical Location","Pop / Rock",,,602557111439,,37.99,0,0,0,1,0,1,0,"2026-01-18 12:00:00",1
"Father John Misty: Fear Fun","Physical Location",Indie,,,709701,,24.98,0,0,0,1,0,1,0,"2026-05-22 12:00:00",1
"Father John Misty: Fear Fun (cassette)","Physical Location",Indie,,,709704,,10.98,0,0,0,1,0,1,0,"2026-03-29 12:00:00",0
"Father John Misty: I Love You Honeybear (color vinyl)","Physical Location",Indie,,,716300,,24.98,0,0,0,1,0,1,0,"2026-03-29 12:00:00",0
"Father John Misty: Mahashmashana","Physical Location",Indie,,,716661,,29.98,0,0,0,1,0,1,0,"2026-03-29 12:00:00",0
"Father John Misty: Pure Comedy","Physical Location",Indie,,,712001,,29.98,0,0,0,1,0,1,0,"2026-05-22 12:00:00",1
"Fear Factory: Concrete (purple, blue, gray)","Physical Location",Metal,,,848064020332,,37.98,0,0,0,2,0,2,0,"2026-02-15 00:00:00",0
"Finneas: Optimist","Physical Location","Pop / Rock",,,602438501014,,27.98,0,0,0,1,0,1,0,"2026-06-06 12:00:00",0
"Fiona Apple: Fetch the Bolt Cutters","Physical Location","Pop / Rock",,,194397740318,,41.98,0,1,0,1,0,1,0,"2025-10-10 12:00:00",1
"Fiona Apple: Tidal (used lp)","Physical Location","Pop / Rock",,,776231867,,42.98,0,0,0,1,0,1,0,"2025-10-20 12:00:00",0
"Flaming Lips: Clouds Taste Metallic (rhino reserve)","Physical Location","Pop / Rock",,,81227806316,,31.98,0,0,0,5,0,5,0,"2026-02-28 12:00:00",0
"Fleet Foxes: First Collection (cd)","Physical Location",Indie,,,0098787126020,,24.98,0,0,0,1,0,1,0,"2025-11-03 12:00:00",0
"Fleet Foxes: Fleet Foxes","Physical Location",Indie,,,0098787077711,,29.98,0,0,0,1,0,1,0,"2026-04-10 12:00:00",4
"Fleet Foxes: Fleet Foxes (cassette)","Physical Location",Indie,,,98787077742,,10.98,0,0,0,0,0,0,0,"2026-03-21 12:00:00",2
"Fleet Foxes: Helplessness Blues","Physical Location",Indie,,,88708881,,29.98,0,0,0,1,0,1,0,"2026-02-25 12:00:00",1
"Fleet Foxes: Helplessness Blues (cassette)","Physical Location",Indie,,,98787088847,,10.98,0,0,0,0,0,0,0,"2026-02-26 12:00:00",1
"Fleetwood Mac: Future Games (rhino reserve)","Physical Location","Pop / Rock",,,81227806286,,24.49,0,0,0,4,0,4,0,"2026-02-28 13:48:36",1
"Fleetwood Mac: Greatest Hits","Physical Location","Pop / Rock",,,081227959357,,24.98,0,0,0,3,0,3,0,"2026-05-28 12:00:00",2
"Fleetwood Mac: Mystery To Me (blue vinyl)","Physical Location","Pop / Rock",,,0603497832385,,24.98,0,0,0,1,0,1,0,"2025-11-23 12:00:00",2
"Fleetwood Mac: Rumours","Physical Location","Pop / Rock",,,603497816163,,24.98,0,3,1,3,0,3,0,"2026-05-28 12:00:00",6
"Fleetwood Mac: Tango in the Night (rhino reserve)","Physical Location","Pop / Rock",,,603497812622,,31.98,0,0,0,1,0,1,0,"2026-03-29 12:00:00",0
"Fleshwater: We're Not Here to be Loved","Physical Location","Pop / Rock",,,0196925325356,,23.98,0,0,0,2,0,2,0,"2026-05-28 12:00:00",1
"Florence and the Machine: Dance Fever (target exclusive)","Physical Location","Pop / Rock",,,602438936656,,38.98,0,2,0,2,0,2,0,"2025-09-10 12:00:00",0
"Foghat: Fool Tor The City (mofi)","Physical Location","Pop / Rock",,,821797129510,,39.99,0,1,0,1,0,1,0,"2025-09-10 12:00:00",0
"Foo Fighters: Colour and the Shape","Physical Location","Pop / Rock",,,0886979832213,,35.98,0,0,0,1,0,1,0,"2026-05-28 12:00:00",2
"Foo Fighters: Foo Fighters","Physical Location","Pop / Rock",,,886979832114,,22.98,0,0,0,1,0,1,0,"2025-09-03 12:00:00",0
"Foo Fighters: Greatest Hits","Physical Location","Pop / Rock",,,886973692110,,35.98,0,2,0,1,0,1,0,"2026-05-28 12:00:00",2
"Foo Fighters: The Essential","Physical Location","Pop / Rock",,,196587329419,,41.98,0,1,1,1,0,1,0,"2025-09-24 12:00:00",2
"Foreigner: 4 (mofi)","Physical Location","Pop / Rock",,,821797134316,,39.99,0,1,0,0,0,0,0,"2025-11-04 00:00:00",4
"Foreigner: 4 (sacd)","Physical Location","Pop / Rock",,,821797205368,,34.99,0,1,0,2,0,2,0,"2025-11-04 12:00:00",1
"Foreigner: Double Vision (mofi)","Physical Location","Pop / Rock",,,821797134118,,39.99,0,2,0,1,0,1,0,"2025-09-10 12:00:00",1
"Foreigner: Foreigner (clear vinyl)","Physical Location","Pop / Rock",,,603497837021,,24.98,0,0,0,0,0,0,0,"2026-04-16 12:00:00",2
"Francis Bebey: Tresor Magnetica","Physical Location",Jazz,,,5055373561714,,58.98,0,0,0,1,0,1,0,"2025-11-05 12:00:00",0
"Frank Sinatra: Collected","Physical Location",Jazz,,,8719262028920,,59.99,0,0,0,2,0,2,0,"2026-04-16 12:00:00",2
"Frank Sinatra: Collected (cd)","Physical Location",Jazz,,,602445919833,,15.99,0,0,0,1,0,1,0,"2025-12-24 12:00:00",0
"Frank Sinatra: Come Fly With Me","Physical Location",Jazz,,,602537761494,,29.99,0,0,0,1,0,1,0,"2026-04-10 12:00:00",1
"Fred Again: Actual Life 3","Physical Location","Pop / Rock",,,190296227882,,24.98,0,1,0,1,0,1,0,"2026-03-07 12:00:00",1
"Fugazi: Repeater","Physical Location","Pop / Rock",,,643859044018,,18.98,0,0,0,1,0,1,0,"2026-05-28 12:00:00",4
"Garbage: Anthology","Physical Location","Pop / Rock",,,4050538819151,,56.99,0,0,0,0,0,0,0,"2025-10-22 12:00:00",1
"Geese: 3d Country","Physical Location","Pop / Rock",,,5400863093112,,25.99,0,0,0,2,0,2,0,"2026-05-28 12:00:00",2
"Geese: Getting Killed (clear vinyl)","Physical Location","Pop / Rock",,,5400863188023,,24.98,0,0,0,1,0,1,0,"2026-04-16 12:00:00",1
"Gene Autry: Rudolph","Physical Location",Holiday,,,0030206675856,,29.98,0,0,0,2,0,2,0,"2025-12-08 12:00:00",0
"Gene Clark: No Other","Physical Location","Pop / Rock",,,191400007017,,29.98,0,0,0,1,0,1,0,"2026-04-18 12:00:00",1
"Genesis: A Trick of the Tail (sacd)","Physical Location","Pop / Rock",,,111111,,35.98,0,0,0,2,0,2,0,"2025-10-14 12:00:00",0
"Genesis: abacab (AT75)","Physical Location","Pop / Rock",,,753088754272,,60.98,0,2,0,2,0,2,0,"2025-10-14 12:00:00",1
"Genesis: Invisible Touch","Physical Location","Pop / Rock",,,081227941758,,24.98,0,0,0,1,0,1,0,"2025-10-12 12:00:00",0
"Genesis: Selling England by the Pound (AT75)","Physical Location","Pop / Rock",,,753088750274,,60.98,0,0,0,1,0,1,0,"2025-10-25 12:00:00",0
"Genesis: Selling England by the Pound (sacd)","Physical Location","Pop / Rock",,,53088750267,,35.98,0,0,0,1,0,1,0,"2026-01-18 12:00:00",0
"Genesis: Turn it on Again (cd)","Physical Location","Pop / Rock",,,081227999018,,9.98,0,0,0,0,0,0,0,"2025-10-11 12:00:00",1
"George Harrison: All Things (cd)","Physical Location","Pop / Rock",,,099964011500,,22.98,0,0,0,1,0,1,0,"2025-11-11 00:00:00",1
"Ghost: Skeleta (cd)","Physical Location","Pop / Rock",,,888072667853,,13.98,0,1,0,1,0,1,0,"2025-09-03 12:00:00",0
"Ghost: Skeleta (violet vinyl)","Physical Location",Metal,,,888072687653,,25.98,0,0,0,2,0,2,0,"2026-04-16 12:00:00",1
"Glass Animals: Dreamland","Physical Location","Pop / Rock",,,602508833625,,27.98,0,0,0,2,0,2,0,"2026-04-24 12:00:00",0
"Glass Animals: Dreamland (cd)","Physical Location","Pop / Rock",,,4988008087512,,42.99,0,0,0,1,0,1,0,"2026-04-24 12:00:00",0
"Glen Miller: Moonlight Serenade","Physical Location",Jazz,,,0090204707577,,19.98,0,0,0,2,0,2,0,"2026-04-18 12:00:00",1
"Glenn Copeland: Keyboard Fantasies","Physical Location",Jazz,,,400863058319,,24.98,0,1,0,1,0,1,0,"2025-10-31 12:00:00",0
"Golden Earring: Essential Earring (Turquoise)","Physical Location","Pop / Rock",,,8719262042162,,26.98,0,0,0,4,0,4,0,"2026-02-15 12:00:00",0
"Gorillaz: Demon Days","Physical Location","Pop / Rock",,,724387383814,,39.98,0,2,2,1,0,1,0,"2026-03-07 00:00:00",9
"Gorillaz: Demon Days (cd)","Physical Location","Pop / Rock",,,723487383821,,11.98,0,0,0,0,0,0,0,"2026-01-06 12:00:00",6
"Gorillaz: Plastic Beach (cd)","Physical Location",HipHop,,,603497913343,,14.98,0,0,0,2,0,2,0,"2026-01-06 12:00:00",1
"Graham Nash: Songs for Beginners (AT75)","Physical Location","Pop / Rock",,,753088756771,,65.98,0,0,0,1,0,1,0,"2025-09-30 12:00:00",0
"Grant Green: Gooden's Corner","Physical Location",Jazz,,,8435723700951,,20.98,0,0,0,1,0,1,0,"2026-04-18 12:00:00",1
"Grateful Dead: American Beauty (mofi)","Physical Location","Pop / Rock",,,821797242912,,59.99,0,2,0,1,0,1,0,"2025-11-04 12:00:00",2
"Grateful Dead: Skeletons from the Closet","Physical Location","Pop / Rock",,,603497847792,,24.98,0,0,0,2,0,2,0,"2025-11-23 12:00:00",1
"Grateful Dead: Workingman's Dead (sacd)","Physical Location","Pop / Rock",,,821797213769,,34.98,0,1,0,1,0,1,0,"2025-09-10 12:00:00",0
"Grease 2: Soundtrack","Physical Location",Soundtracks,,,659696513112,,37.98,0,0,0,3,0,3,0,"2025-09-29 12:00:00",0
"Green Day: American Idiot","Physical Location","Pop / Rock",,,0093624862734,,39.98,0,0,0,1,0,1,0,"2026-01-06 12:00:00",3
"Green Day: American Idiot (cd)","Physical Location","Pop / Rock",,,093624877721,,11.98,0,0,0,1,0,1,0,"2025-12-08 12:00:00",3
"Green Day: American Idiot (one step)","Physical Location","Pop / Rock",,,093624840473,,124.98,0,2,0,1,0,1,0,"2025-09-04 12:00:00",1
"Green Day: Dookie","Physical Location","Pop / Rock",,,0093624850434,,24.98,0,0,0,1,0,1,0,"2025-09-30 12:00:00",1
"Green Day: Greatest Hits","Physical Location","Pop / Rock",,,093624909187,,34.98,0,2,0,3,0,3,0,"2026-04-16 12:00:00",2
"Green Day: Greatest Hits (cd)","Physical Location","Pop / Rock",,,093624909179,,18.98,0,0,0,1,0,1,0,"2025-11-11 12:00:00",0
"Green Day: Warning (25th anniversary super deluxe)","Physical Location","Pop / Rock",,,093624833291,,149.98,0,0,0,2,0,2,0,"2025-11-15 12:00:00",0
"Green River: Dry as a Bone (deluxe)","Physical Location","Pop / Rock",,,98787126112,,29.98,0,0,0,1,0,1,0,"2026-02-26 12:00:00",0
"Guardians of the Galaxy 2 (cd)","Physical Location",Soundtracks,,,,,11.98,0,0,0,1,0,1,0,"2026-04-18 12:00:00",0
"Guardians of the Galaxy Volume 1: Soundtrack (cd)","Physical Location",Soundtracks,,,3215890,,9.99,0,2,0,1,0,1,0,"2025-09-26 12:00:00",1
"Guardians of the Galaxy Volume 1: Soundtrack (picture disc)","Physical Location",Soundtracks,,,050087374495,,24.98,0,3,1,2,0,2,0,"2026-06-22 20:12:25",7
"Guardians of the Galaxy Volume 2: Soundtrack (deluxe)","Physical Location",Soundtracks,,,050087364045,,34.98,0,0,0,0,0,0,0,"2026-02-08 12:00:00",1
"Guido Spannocchi: Live at Porgy and Bess","Physical Location",Jazz,,,5050580800045,,46.98,0,0,0,1,0,1,0,"2025-09-30 12:00:00",0
"Guns n Roses: Appetite for Destruction","Physical Location","Pop / Rock",,,720642414811,,29.99,0,1,0,0,0,0,0,"2025-09-03 12:00:00",1
"Guns n Roses: Appetite for Destruction (2 LP)","Physical Location","Pop / Rock",,,602567483908,,37.99,0,1,0,1,0,1,0,"2025-09-03 12:00:00",0
"Guns n Roses: Greatest Hits","Physical Location","Pop / Rock",,,602507124793,,37.99,0,1,0,3,0,3,0,"2026-04-16 12:00:00",3
"Guns n Roses: Use Your Illusion I","Physical Location","Pop / Rock",,,602445117307,,39.98,0,0,0,1,0,1,0,"2026-03-07 12:00:00",1
"Guns n Roses: Use Your Illusion II","Physical Location","Pop / Rock",,,602445117314,,39.98,0,0,0,1,0,1,0,"2025-10-11 12:00:00",0
"Guru: Jazzmatazz","Physical Location",Jazz,,,602547885081,,30.98,0,0,0,1,0,1,0,"2026-05-28 12:00:00",4
"Gwen Stefani: Love Angel","Physical Location","Pop / Rock",,,0075021031432,,32.99,0,0,0,1,0,1,0,"2025-10-25 12:00:00",0
"Hall & Oats: Best Of (cd)","Physical Location","Pop / Rock",,,078636931920,,9.99,0,0,0,0,0,0,0,"2026-03-08 12:00:00",2
"Hall and Oates: Rock 'n' Soul (mofi)","Physical Location","Pop / Rock",,,888837118910,,39.99,0,1,0,0,0,0,0,"2025-09-29 12:00:00",2
"Hall and Oates: Rock 'n' Soul (sacd)","Physical Location","Pop / Rock",,,821797215763,,34.98,0,1,0,1,0,1,0,"2025-09-29 12:00:00",1
"Harry Simeone Chorale: Wonderful Songs","Physical Location",Holiday,,,20820608201573,,2.99,0,0,0,1,0,1,0,"2025-12-16 12:00:00",0
"Harry Styles: Fine Line","Physical Location","Pop / Rock",,,194397051414,,38.98,0,2,0,2,0,2,0,"2025-09-04 12:00:00",0
"Harry Styles: Harry's House","Physical Location","Pop / Rock",,,194399974810,,39.98,0,1,0,1,0,1,0,"2026-04-16 12:00:00",3
"Harry Styles: Kiss All The Time","Physical Location","Pop / Rock",,,199584296517,,35.98,0,0,0,1,0,1,0,"2026-03-29 12:00:00",0
"Hatebreed: Supremacy (Hazy green)","Physical Location",Metal,,,848064020349,,36.98,0,0,0,3,0,3,0,"2026-02-15 12:00:00",0
"Hayley Williams: Ego Death at a Bachelorette Party (yellow vinyl)","Physical Location","Pop / Rock",,,617308112122,,35.98,0,0,0,1,0,1,0,"2026-04-10 12:00:00",1
"Heart: Dreamboat Annie (mofi)","Physical Location","Pop / Rock",,,821797259415,,59.99,0,1,0,0,0,0,0,"2025-09-29 12:00:00",2
"Heartless Bastards: Arrow","Physical Location",Indie,,,720841210122,,25.99,0,0,0,1,0,1,0,"2026-03-29 12:00:00",0
"Herb Alpert: South of the Border","Physical Location",Jazz,,,814647020280,,27.98,0,1,0,1,0,1,0,"2026-04-18 12:00:00",1
"Herb Alpert: Whipped Cream (picture disc)","Physical Location",Jazz,,,0814647022550,,32.98,0,0,0,1,0,1,0,"2025-10-31 12:00:00",2
"Herbie Hancock: Head Hunters (AP)","Physical Location",Jazz,,,753088008412,,41.98,0,0,0,0,0,0,0,"2025-10-25 12:00:00",1
"Herbie Hancock: Mwandishi (green vinyl)","Physical Location",Jazz,,,8719262040564,,37.98,0,0,0,0,0,0,0,"2026-05-28 12:00:00",2
"Hikaru Utada: First Love","Physical Location","Pop / Rock",,,4988031460023,,49.98,0,0,0,1,0,1,0,"2026-04-10 12:00:00",0
"Hole: Celebrity Skin (cd)","Physical Location","Pop / Rock",,,0720642516423,,13.95,0,0,0,1,0,1,0,"2025-10-25 12:00:00",0
"Hole: Live Through This","Physical Location","Pop / Rock",,,602547849670,,27.98,0,0,0,2,0,2,0,"2026-05-28 12:00:00",3
"Hootie and the Blowfish: Cracked Rear View","Physical Location","Pop / Rock",,,081227941987,,24.98,0,0,0,0,0,0,0,"2026-04-10 12:00:00",2
"Humble Pie: Smokin' (AP)","Physical Location","Pop / Rock",,,753088168017,,41.98,0,0,0,1,0,1,0,"2026-01-18 12:00:00",1
"Illumination Dr. Seuss The Grinch: Soundtrack","Physical Location",Holiday,,,196588132216,,27.98,0,0,0,0,0,0,0,"2025-11-11 12:00:00",1
"Imagine Dragons: Evolve (cd)","Physical Location","Pop / Rock",,,602557680867,,13.99,0,0,0,1,0,1,0,"2025-11-15 12:00:00",0
"INXS: Kick (AT75)","Physical Location","Pop / Rock",,,753088753275,,60.98,0,0,0,0,0,0,0,"2025-10-14 12:00:00",1
"INXS: Kick (clear vinyl)","Physical Location","Pop / Rock",,,603497837137,,24.98,0,0,0,1,0,1,0,"2026-04-10 12:00:00",0
"Iron & Wine: Hen's Teeth (color vinyl)","Physical Location",Indie,,,717070,,24.98,0,0,0,2,0,2,0,"2026-05-04 12:00:00",1
"Iron & Wine: The Shepherd’s Dog","Physical Location",Indie,,,88707101,,24.98,0,0,0,2,0,2,0,"2026-05-22 12:00:00",2
"Iron & Wine: The Shepherd’s Dog (cd)","Physical Location",Indie,,,88707102,,15.98,0,0,0,1,0,1,0,"2026-02-22 12:00:00",0
"Iron Maiden: Brave New World","Physical Location",Metal,,,190295851989,,72.99,0,1,0,1,0,1,0,"2025-09-10 12:00:00",0
"Iron maiden: Killers","Physical Location",Metal,,,4050538906424,,26.98,0,1,0,1,0,1,0,"2025-09-04 12:00:00",0
"Iron Maiden: Number of the Beast (cd)","Physical Location",Metal,,,4050538426960,,13.98,0,1,0,1,0,1,0,"2026-04-16 12:00:00",3
"Iron Maiden: Piece of Mind","Physical Location",Metal,,,4050538906370,,26.98,0,1,0,2,0,2,0,"2026-05-28 12:00:00",4
"Iron Maiden: Piece of Mind (cd)","Physical Location",Metal,,,4050538427004,,13.98,0,1,0,1,0,1,0,"2026-05-28 12:00:00",2
"Iron Maiden: Powerslave","Physical Location",Metal,,,825646248698,,39.99,0,1,0,1,0,1,0,"2025-10-10 12:00:00",4
"Iron Maiden: Powerslave (cd)","Physical Location",Metal,,,4050538427028,,13.98,0,1,0,1,0,1,0,"2025-10-29 12:00:00",1
"Iron Maiden: Rock in Rio","Physical Location",Metal,,,1902958541972,,87.99,0,1,0,1,0,1,0,"2025-09-10 12:00:00",0
"Iron Maiden: Somewhere Back In Time (cd)","Physical Location",Metal,,,886973047828,,13.98,0,1,0,1,0,1,0,"2025-09-03 12:00:00",0
"Isao Suzuki: Cadillac Woman","Physical Location",Jazz,,,988002951222,,44.98,0,0,0,4,0,4,0,"2026-03-09 12:00:00",0
"Isao Suzuki: My Spare Time","Physical Location",Jazz,,,988002951239,,44.98,0,0,0,3,0,3,0,"2026-03-09 12:00:00",1
"Jalen Ngonda: Doctrine of Love","Physical Location",R&B,,,823134008410,,27.99,0,0,0,2,0,2,0,"2026-07-02 12:00:00",0
"James Bay: Chaos & the Calm","Physical Location",Indie,,,602547184979,,29.99,0,0,0,2,0,2,0,"2026-06-09 12:00:00",0
"James Blake: Friends that Break Your Heart","Physical Location",R&B,,,602438525447,,39.98,0,0,0,1,0,1,0,"2025-10-25 12:00:00",0
"James Blake: Playing Robots Into Heaven","Physical Location",R&B,,,602455968869,,45.99,0,0,0,1,0,1,0,"2025-10-25 12:00:00",0
"James Brown: Sex Machine (mofi)","Physical Location",R&B,,,821797259118,,59.99,0,2,0,0,0,0,0,"2025-09-24 12:00:00",2
"Jamiroquai: Traveling Without Moving","Physical Location",Jazz,,,889854539016,,47.99,0,0,0,0,0,0,0,"2025-11-15 12:00:00",1
"Jane Remover: Revengeseekerz (2 LP)","Physical Location",Electronic,,,61297939459,,39.98,0,0,0,1,0,1,0,"2026-02-28 12:00:00",0
"Janis Joplin: Janis","Physical Location","Pop / Rock",,,8719262028883,,41.98,0,0,0,0,0,0,0,"2025-11-05 12:00:00",1
"Janis Joplin: Pearl","Physical Location","Pop / Rock",,,886979782518,,26.98,0,0,0,1,0,1,0,"2025-10-12 12:00:00",0
"Jazz Sabbath: Jazz Sabbath","Physical Location",Jazz,,,711053989587,,38.98,0,0,0,2,0,2,0,"2026-04-10 12:00:00",3
"Jeff Buckley: Grace","Physical Location","Pop / Rock",,,886977798313,,27.98,0,0,0,0,0,0,0,"2026-03-29 12:00:00",10
"Jeff Buckley: It's Never Over (dvd)","Physical Location",Accessories,,,876964018692,,26.98,0,0,0,2,0,2,0,"2026-02-08 12:00:00",0
"Jefferson Airplane: Volunteers (mofi)","Physical Location","Pop / Rock",,,821797245715,,59.99,0,1,0,1,0,1,0,"2025-09-10 12:00:00",0
"Jelly Roll: Ballads of the Broken (cd)","Physical Location",Country,,,4050538721393,,13.98,0,1,0,1,0,1,0,"2025-09-04 12:00:00",0
"Jim Basnight: Under The Rock","Physical Location","Pop / Rock",,,199874147109,,24.99,0,0,0,1,0,1,0,"2026-04-25 12:00:00",0
"Jim Croce: I Got a Name","Physical Location","Pop / Rock",,,099964034264,,26.98,0,0,0,2,0,2,0,"2026-06-06 12:00:00",0
"Jimi Hendrix: Are You Experienced","Physical Location","Pop / Rock",,,888430598515,,20.98,0,1,0,0,0,0,0,"2025-10-21 12:00:00",3
"Jimi Hendrix: Electric Ladyland","Physical Location","Pop / Rock",,,886976239817,,30.98,0,1,0,2,0,2,0,"2025-10-21 12:00:00",1
"Jimi Hendrix: Experience Hendrix: The Best of Jimi","Physical Location","Pop / Rock",,,889854478711,,25.98,0,1,0,1,0,1,0,"2025-12-14 12:00:00",2
"Joan Baez: Diamonds & Rust ","Physical Location",Folk,,,753088017575,,60.98,0,0,0,1,0,1,0,"2025-10-25 12:00:00",0
"Joan Jett: Greatest Hits","Physical Location","Pop / Rock",,,196588928611,,23.98,0,0,0,1,0,1,0,"2026-04-18 12:00:00",1
"Joe Hisaishi: Big Bold","Physical Location",Soundtracks,,,810155841829,,45.98,0,0,0,2,0,2,0,"2026-06-22 12:00:00",0
"Joe Hisaishi: Castle in the Sky","Physical Location",Soundtracks,,,4988008085815,,57.99,0,0,0,1,0,1,0,"2026-04-24 12:00:00",0
"Joe Hisaishi: Howl's Moving Castle","Physical Location",Soundtracks,,,4988008088212,,48.98,0,0,0,0,0,0,0,"2025-10-07 12:00:00",1
"Joe Hisaishi: Howls Moving Castle (symphonic suite)","Physical Location",Soundtracks,,,4988008088113,,42.99,0,0,0,2,0,2,0,"2026-06-09 12:00:00",1
"Joe Hisaishi: Kiki's Delivery Service (image album)","Physical Location",Soundtracks,,,4988008087215,,42.99,0,0,0,1,0,1,0,"2026-04-24 12:00:00",1
"Joe Hisaishi: Kiki's Delivery Service (origianal)","Physical Location",Soundtracks,,,988008087314,,42.99,0,0,0,1,0,1,0,"2026-05-28 12:00:00",0
"Joe Hisaishi: My Neighbor Totoro (Image Album)","Physical Location",Soundtracks,,,988008086010,,46.99,0,0,0,3,0,3,0,"2026-06-09 12:00:00",0
"Joe Hisaishi: My Neighbor Totoro Soundbook","Physical Location",Soundtracks,,,4988008086218,,42.99,0,0,0,5,0,5,0,"2026-05-28 12:00:00",3
"Joe Hisaishi: My Neighbor Totoro Soundtrack","Physical Location",Soundtracks,,,4988008086119,,36.98,0,0,0,0,0,0,0,"2025-11-18 12:00:00",2
"Joe Hisaishi: Nausicaa of the Valley of Wind","Physical Location",Soundtracks,,,4988008085518,,48.99,0,0,0,1,0,1,0,"2026-04-24 12:00:00",0
"Joe Hisaishi: Orchestra Stories","Physical Location",Soundtracks,,,988008089912,,42.99,0,0,0,2,0,2,0,"2026-05-29 09:09:38",2
"Joe Hisaishi: Ponyo on the Cliff","Physical Location",Soundtracks,,,4988008088519,,37.98,0,0,0,1,0,1,0,"2026-05-28 12:00:00",1
"Joe Hisaishi: Ponyo on the Cliff (original import)","Physical Location",Soundtracks,,,4988008088618,,59.99,0,0,0,2,0,2,0,"2026-06-06 12:00:00",0
"Joe Hisaishi: Porco Rosso","Physical Location",Soundtracks,,,4988008087512,,42.99,0,0,0,1,0,1,0,"2026-05-09 12:00:00",0
"Joe Hisaishi: Princess Mononoke","Physical Location",Soundtracks,,,4988008087611,,37.98,0,0,0,2,0,2,0,"2026-06-22 12:00:00",0
"Joe Hisaishi: Spirited Away","Physical Location",Soundtracks,,,4988008088014,,53.99,0,0,0,0,0,0,0,"2026-04-24 12:00:00",1
"Joe Hisaishi: Tale of the Princess Kaguya","Physical Location",Soundtracks,,,4988008088816,,59.99,0,0,0,2,0,2,0,"2026-04-24 12:00:00",0
"Joe Jackson: Night and Day","Physical Location","Pop / Rock",,,680270758216,,39.99,0,1,0,1,0,1,0,"2026-05-28 12:00:00",1
"Joe Pass: Portraits of Duke Ellington (AP)","Physical Location",Jazz,,,753088018411,,40.98,0,0,0,1,0,1,0,"2026-05-28 12:00:00",1
"John Coltrane: A Love Supreme","Physical Location",Jazz,,,011105015516,,29.99,0,1,0,2,0,2,0,"2026-05-28 12:00:00",4
"John Coltrane: Coltrane Jazz (AT75)","Physical Location",Jazz,,,753088756276,,60.98,0,0,0,0,0,0,0,"2025-09-30 12:00:00",1
"John Coltrane: Giant Steps (rhino reserve)","Physical Location",Jazz,,,603497812608,,31.98,0,0,0,2,0,2,0,"2026-05-28 12:00:00",1
"John Dwyer: Posh Swat","Physical Location",Indie,,,0795154136414,,27.98,0,0,0,1,0,1,0,"2025-10-20 12:00:00",0
"John Legend: Evolver (cd)","Physical Location","Pop / Rock",,,888430769823,,9.99,0,0,0,1,0,1,0,"2026-04-24 12:00:00",0
"John Legend: Legend Act I and II","Physical Location","Pop / Rock",,,602448314536,,37.99,0,2,0,2,0,2,0,"2025-09-10 12:00:00",0
"John Mclaughlin: Music for Abandoned Heights","Physical Location",Jazz,,,856276002947,,55.98,0,0,0,3,0,3,0,"2026-02-15 12:00:00",0
"John Prine: Sweet Revenge (rhino reserve)","Physical Location",Country,,,81227806552,,31.98,0,0,0,1,0,1,0,"2026-02-28 12:00:00",3
"John Williams: Home Alone (red/gold vinyl)","Physical Location",Soundtracks,,,198028343312,,59.99,0,1,0,0,0,0,0,"2025-11-15 00:00:00",3
"John Williams: Hook","Physical Location",Soundtracks,,,8719262039377,,44.98,0,0,0,1,0,1,0,"2025-09-30 12:00:00",0
"Johnny Blue Skies: Mutiny After Midnight","Physical Location",Country,,,075678588860,,29.98,0,0,0,1,0,1,0,"2026-07-02 12:00:00",0
"Johnny Cash: American Recordings","Physical Location",Country,,,602537530304,,27.98,0,0,0,1,0,1,0,"2026-05-28 12:00:00",0
"Johnny Cash: At Folsom Prison","Physical Location",Country,,,194397640113,,27.98,0,0,0,1,0,1,0,"2026-05-28 12:00:00",1
"Johnny Cash: At Folsom Prison (mofi)","Physical Location",Country,,,196588719011,,59.99,0,0,0,0,0,0,0,"2025-09-24 12:00:00",1
"Johnny Cash: Greatest Hits","Physical Location",Country,,,194397640519,,27.98,0,0,0,0,0,0,0,"2026-04-10 12:00:00",1
"Johnny Marr: Spirit Power","Physical Location","Pop / Rock",,,050538944587,,36.98,0,0,0,1,0,1,0,"2026-01-18 12:00:00",1
"Joni Mitchell: Blue","Physical Location","Pop / Rock",,,0603497844173,,24.98,0,1,1,0,0,0,0,"2026-01-18 12:00:00",3
"Joni Mitchell: Blue (sacd)","Physical Location","Pop / Rock",,,821797226967,,34.98,0,1,0,1,0,1,0,"2025-09-10 12:00:00",0
"Joni Mitchell: Clouds","Physical Location","Pop / Rock",,,0603497844197,,24.98,0,0,0,1,0,1,0,"2025-09-30 12:00:00",0
"Joni Mitchell: Court and Spark (sacd)","Physical Location","Pop / Rock",,,821797227360,,34.98,0,1,0,1,0,1,0,"2025-09-24 12:00:00",0
"Joni Mitchell: Hejira","Physical Location","Pop / Rock",,,0603497826681,,24.98,0,0,0,1,0,1,0,"2026-01-06 12:00:00",2
"Joni Mitchell: Hejira (sacd)","Physical Location","Pop / Rock",,,821797227568,,34.99,0,1,0,1,0,1,0,"2025-09-10 12:00:00",0
"Joni Mitchell: Shadows","Physical Location","Pop / Rock",,,0603497826711,,34.98,0,0,0,0,0,0,0,"2025-09-30 12:00:00",2
"Jose Gonzalez: Against the Dying of the Light","Physical Location",Indie,,,724596121832,,35.98,0,0,0,1,0,1,0,"2026-05-28 12:00:00",1
"Josiah Queen: Mt. Zion (cd)","Physical Location","Pop / Rock",,,840468804358,,11.98,0,0,0,1,0,1,0,"2025-10-07 12:00:00",0
"Journey: Departure (used cd)","Physical Location","Pop / Rock",,,8697268012,,9.99,0,0,0,1,0,1,0,"2025-09-12 12:00:00",0
"Journey: Escape","Physical Location","Pop / Rock",,,194399216316,,25.98,0,2,0,1,0,1,0,"2025-09-04 12:00:00",1
"Journey: Evolution (used cd)","Physical Location","Pop / Rock",,,7464357972,,9.99,0,0,0,1,0,1,0,"2025-09-12 00:00:00",0
"Journey: Frontiers 40th anniversary","Physical Location","Pop / Rock",,,196588058011,,30.98,0,3,0,2,0,2,0,"2025-09-04 00:00:00",1
"Journey: Greatest Hits","Physical Location","Pop / Rock",,,196588230417,,41.98,0,3,0,1,0,1,0,"2026-05-28 12:00:00",3
"Journey: Greatest Hits (cd)","Physical Location","Pop / Rock",,,828768588925,,9.99,0,0,0,1,0,1,0,"2026-03-08 12:00:00",2
"Joy Division: Unknown Pleasures","Physical Location","Pop / Rock",,,825646183906,,24.98,0,0,0,0,0,0,0,"2026-04-18 12:00:00",5
"Judas Priest: British Steel","Physical Location",Metal,,,889853909513,,27.98,0,1,0,3,0,3,0,"2025-10-10 12:00:00",2
"Judas priest: Screaming for Vengeance","Physical Location",Metal,,,889853908615,,27.98,0,1,0,1,0,1,0,"2025-09-03 12:00:00",0
"Julie London: Julie Is Her Name (orange vinyl)","Physical Location",Jazz,,,8719039007127,,34.98,0,0,0,2,0,2,0,"2026-01-06 12:00:00",1
"Junk Fujiyama: Horizon","Physical Location","Pop / Rock",,,4524135240576,,45.98,0,0,0,1,0,1,0,"2025-09-30 12:00:00",0
"Justin Timberlake: 20/20 Experience","Physical Location","Pop / Rock",,,0887654785015,,30.98,0,0,0,1,0,1,0,"2026-06-09 18:03:57",2
"Kacey Musgraves: Golden Hour","Physical Location",Country,,,0602567334460,,27.98,0,0,0,0,0,0,0,"2025-09-30 12:00:00",2
"Kacey Musgraves: Middle of Nowhere","Physical Location",Country,,,199957220385,,32.99,0,0,0,2,0,2,0,"2026-05-28 12:00:00",0
"Karel Barnoski: Tiny Telephone Sessions","Physical Location",Classical,,,999000111,,9.99,0,0,0,1,0,1,0,"2025-11-24 12:00:00",0
"Karol G: Manana Sera Bonito","Physical Location",R&B,,,602458124125,,29.99,0,1,0,0,0,0,0,"2025-10-29 12:00:00",1
"Kate Bush: Hounds of Love","Physical Location","Pop / Rock",,,057998268641,,48.99,0,0,0,1,0,1,0,"2025-11-11 12:00:00",1
"Kate Bush: Hounds of Love (purple vinyl)","Physical Location","Pop / Rock",,,057998201037,,51.99,0,0,0,0,0,0,0,"2025-10-04 12:00:00",1
"Kate Bush: Kick Inside (mango vinyl)","Physical Location","Pop / Rock",,,057998200993,,44.99,0,0,0,2,0,2,0,"2026-04-18 12:00:00",1
"Katseye: Beautiful Chaos","Physical Location","Pop / Rock",,,602475849827,,29.99,0,0,0,1,0,1,0,"2026-03-29 12:00:00",0
"Keb' Mo': Keb' Mo' (mofi)","Physical Location",R&B,,,886976174712,,39.99,0,1,0,1,0,1,0,"2025-09-10 12:00:00",0
"Keith Jarrett: Carl Phillip","Physical Location",Jazz,,,0028948591176,,37.99,0,0,0,0,0,0,0,"2025-09-30 12:00:00",1
"Kels: Dirty Blues Princess","Physical Location",R&B,,,823375125006,,22.98,0,0,0,1,0,1,0,"2026-06-22 12:00:00",1
"Kendrick Lamar: Damn.","Physical Location",HipHop,,,602557618280,,37.99,0,1,0,2,0,2,0,"2026-06-22 12:00:00",5
"Kendrick Lamar: GNX","Physical Location",HipHop,,,602475686750,,32.99,0,2,0,1,0,1,0,"2025-09-04 12:00:00",1
"Kendrick Lamar: Good Kid, M.A.A.D City","Physical Location",HipHop,,,602537192269,,32.99,0,1,0,1,0,1,0,"2026-03-08 12:00:00",1
"Kendrick Lamar: Mr. Morale & The Big Steppers","Physical Location",HipHop,,,602445926015,,45.99,0,1,0,1,0,1,0,"2026-01-18 12:00:00",1
"Kendrick Lamar: To Pimp a Butterfly anniversary","Physical Location",HipHop,,,602478091179,,39.98,0,1,0,1,0,1,0,"2025-09-04 12:00:00",0
"Kenny Burrell: Midnight Blue","Physical Location",Jazz,,,0602435799087,,27.98,0,0,0,0,0,0,0,"2025-11-11 12:00:00",2
"Killers: Hot Fuss","Physical Location","Pop / Rock",,,0602557720808,,29.99,0,0,0,1,0,1,0,"2025-12-08 12:00:00",3
"Killers: Hot Fuss (uk version)","Physical Location","Pop / Rock",,,602547859303,,39.99,0,0,0,2,0,2,0,"2025-11-23 12:00:00",0
"King Crimson: In the Court of the Crimson King","Physical Location","Pop / Rock",,,633367911117,,33.99,0,0,0,1,0,1,0,"2026-03-29 12:00:00",0
"King Gizzard: Paper Mache (pink vinyl)","Physical Location","Pop / Rock",,,0880882604516,,24.98,0,1,1,0,0,0,0,"2026-03-07 12:00:00",4
"Kiss: Alive","Physical Location","Pop / Rock",,,602537658251,,37.99,0,1,0,1,0,1,0,"2025-10-29 12:00:00",0
"Kiss: Alive (cd)","Physical Location","Pop / Rock",,,731453237728,,22.98,0,0,0,1,0,1,0,"2025-10-07 12:00:00",0
"Kiss: Alive II","Physical Location","Pop / Rock",,,602537791767,,48.98,0,0,0,1,0,1,0,"2025-09-30 12:00:00",0
"Kiss: Destroyer","Physical Location","Pop / Rock",,,602537658268,,29.99,0,0,0,1,0,1,0,"2026-03-08 12:00:00",1
"Kiss: Destroyer (cd)","Physical Location","Pop / Rock",,,731453237827,,12.98,0,0,0,0,0,0,0,"2025-11-05 12:00:00",1
"Kiss: Love Gun","Physical Location","Pop / Rock",,,602537753741,,32.98,0,0,0,1,0,1,0,"2025-09-30 12:00:00",0
"Kodaline: In a Perfect World","Physical Location",Indie,,,199584146614,,64.99,0,0,0,1,0,1,0,"2026-06-09 12:00:00",0
"Korn: Follow the Leader","Physical Location",Metal,,,190758658513,,30.98,0,0,0,1,0,1,0,"2026-05-28 12:00:00",2
"Kpop Demon Hunters: Soundtrack","Physical Location",Soundtracks,,,602478686344,,29.99,0,0,0,2,0,2,0,"2026-05-28 12:00:00",3
"Kurt Vile: Philadelphia's Been Good To Me","Physical Location",Indie,,,199957452205,,39.98,0,0,0,0,0,0,0,"2026-06-22 12:00:00",1
"La La Land","Physical Location",Soundtracks,,,602557388046,,27.98,0,0,0,1,0,1,0,"2026-05-28 12:00:00",0
"Labi Siffre: Crying Laughing","Physical Location",Jazz,,,014797907874,,39.99,0,0,0,1,0,1,0,"2026-06-09 12:00:00",1
"Lady Gaga: Born This Way","Physical Location","Pop / Rock",,,602438418190,,59.98,0,0,0,1,0,1,0,"2025-09-30 12:00:00",0
"Lady Gaga: Mayhem","Physical Location","Pop / Rock",,,602475451082,,39.98,0,0,0,2,0,2,0,"2026-04-18 12:00:00",2
"Lady Gaga: Mayhem (cd)","Physical Location","Pop / Rock",,,602475451044,,13.99,0,1,0,1,0,1,0,"2025-12-08 12:00:00",1
"Lady Gaga: The Fame Monster (picture disc)","Physical Location","Pop / Rock",,,602527281353,,29.99,0,1,0,0,0,0,0,"2025-10-29 12:00:00",1
"Lainey Wilson: Whirlwind","Physical Location",Country,,,099964169850,,35.98,0,0,0,0,0,0,0,"2025-11-15 12:00:00",1
"Lainey Wilson: Whirlwind (cd)","Physical Location",Country,,,099964173833,,14.98,0,0,0,1,0,1,0,"2025-11-15 12:00:00",0
"Lake City Dive: Good Together (yellow)","Physical Location",Indie,,,888072543577,,25.99,0,0,0,1,0,1,0,"2025-10-25 12:00:00",0
"Larry June: Life is Beautiful","Physical Location",HipHop,,,199316010855,,34.98,0,1,0,2,0,2,0,"2025-10-07 12:00:00",0
"Laufey: A Matter of Time (rouge vinyl)","Physical Location",Jazz,,,5056167181408,,34.98,0,0,0,1,0,1,0,"2026-02-08 12:00:00",4
"Laufey: Bewitched","Physical Location",Jazz,,,5056167179337,,35.98,0,1,1,2,0,2,0,"2026-05-28 12:00:00",6
"Lauryn Hill: The Miseducation of Lauryn Hill","Physical Location",R&B,,,888750215710,,32.98,0,0,0,1,0,1,0,"2026-03-29 12:00:00",2
"Led Zeppelin: Houses of the Holy","Physical Location","Pop / Rock",,,081227965730,,24.98,0,0,0,2,0,2,0,"2026-05-28 12:00:00",4
"Led Zeppelin: I","Physical Location","Pop / Rock",,,0081227966416,,24.98,0,0,0,1,0,1,0,"2025-10-25 12:00:00",0
"Led Zeppelin: II","Physical Location","Pop / Rock",,,0081227966409,,24.98,0,0,0,1,0,1,0,"2026-03-08 12:00:00",3
"Led Zeppelin: III","Physical Location","Pop / Rock",,,0081227965761,,24.98,0,0,0,1,0,1,0,"2026-04-18 12:00:00",1
"Led Zeppelin: In Through the Out Door","Physical Location","Pop / Rock",,,081227965747,,24.98,0,0,0,1,0,1,0,"2026-04-18 12:00:00",0
"Led Zeppelin: IV","Physical Location","Pop / Rock",,,081227964337,,39.98,0,2,0,1,0,1,0,"2025-09-10 12:00:00",1
"Led Zeppelin: Led Zeppelin IV (cd)","Physical Location","Pop / Rock",,,081227964481,,16.98,0,0,0,1,0,1,0,"2025-09-30 12:00:00",0
"Led Zeppelin: Physical Graffiti","Physical Location","Pop / Rock",,,0081227965785,,39.98,0,0,0,1,0,1,0,"2026-04-18 12:00:00",4
"Lemon Twigs: Look For Your Mind","Physical Location","Pop / Rock",,,817949039066,,28.98,0,0,0,1,0,1,0,"2026-06-22 12:00:00",0
"Lenny Kravitz: Greatest Hits","Physical Location","Pop / Rock",,,602567284949,,37.99,0,0,0,1,0,1,0,"2026-06-06 12:00:00",1
"Leon Bridges: Coming Home","Physical Location",R&B,,,888750891419,,25.98,0,3,1,2,0,2,0,"2026-05-28 12:00:00",6
"Leon Russell: Wedding Album","Physical Location",Folk,,,829422194405,,34.98,0,0,0,1,0,1,0,"2025-10-25 12:00:00",0
"Limp Bizkit: Significant Other (cd)","Physical Location",Metal,,,606949033521,,13.99,0,0,0,0,0,0,0,"2025-11-23 12:00:00",3
"Linda Lindas: No Obligation","Physical Location","Pop / Rock",,,714092800746,,41.99,0,0,0,1,0,1,0,"2025-12-19 12:00:00",1
"Linkin Park: Hybrid Theory","Physical Location","Pop / Rock",,,093624941422,,24.98,0,1,1,2,0,2,0,"2025-10-10 12:00:00",5
"Linkin Park: Meteora","Physical Location","Pop / Rock",,,0093624844051,,24.98,0,0,0,0,0,0,0,"2026-05-28 12:00:00",3
"Linkin Park: Paper Cuts","Physical Location","Pop / Rock",,,093624846000,,39.98,0,2,0,0,0,0,0,"2025-09-24 12:00:00",3
"Little Big Town: Greatest Hits (off-white vinyl)","Physical Location",Country,,,602465793550,,29.99,0,0,0,1,0,1,0,"2025-11-18 12:00:00",1
"Lizzy McAlpine: Older","Physical Location","Pop / Rock",,,0196588448911,,26.98,0,0,0,1,0,1,0,"2025-09-30 12:00:00",0
"Logo T Shirt","Physical Location",Accessories,,,125678076,,9.99,0,0,0,73,0,73,0,"2025-09-26 12:00:00",27
"Lola Young: I'm only F**king","Physical Location",R&B,,,602478429101,,29.99,0,0,0,0,0,0,0,"2026-05-28 12:00:00",1
"Lola Young: This Wasn't Meant For You","Physical Location","Pop / Rock",,,602475766995,,37.99,0,0,0,1,0,1,0,"2026-05-28 12:00:00",1
"Lorde: Melodrama","Physical Location","Pop / Rock",,,602557547108,,29.99,0,1,0,2,0,2,0,"2025-11-11 12:00:00",1
"Lorde: Pure Heroine","Physical Location","Pop / Rock",,,602537539857,,29.99,0,2,0,1,0,1,0,"2026-05-28 12:00:00",2
"Lorde: Virgin","Physical Location","Pop / Rock",,,602478121180,,37.99,0,2,0,1,0,1,0,"2026-01-18 12:00:00",2
"Los Lobos: Kiko (mofi)","Physical Location","Pop / Rock",,,821797137119,,39.99,0,0,0,0,0,0,0,"2025-09-30 12:00:00",1
"Louis Armstrong: Greatest Hits","Physical Location",Jazz,,,715187733916,,21.98,0,0,0,1,0,1,0,"2026-04-18 12:00:00",4
"Louis Prima: Angelina","Physical Location",Jazz,,,0840401711835,,34.98,0,0,0,1,0,1,0,"2026-04-18 12:00:00",1
"Loverboy: Essentials","Physical Location","Pop / Rock",,,196588186318,,57.99,0,0,0,0,0,0,0,"2026-05-28 12:00:00",1
"LP: Lost On You","Physical Location","Pop / Rock",,,4050538284881,,38.98,0,0,0,1,0,1,0,"2026-06-22 12:00:00",0
"Lukas Nelson: American Romance","Physical Location",Country,,,1980289450111,,25.98,0,1,0,1,0,1,0,"2025-10-31 12:00:00",0
"Lukas Nelson: American Romance (cd)","Physical Location",Country,,,0198028945028,,10.96,0,0,0,1,0,1,0,"2025-11-03 12:00:00",0
"Luke Bryan: #1's volume 1 and 2 (cd)","Physical Location",Country,,,602445687381,,17.99,0,1,0,1,0,1,0,"2025-09-04 12:00:00",0
"Luke Combs: Fathers & Sons","Physical Location",Country,,,198028142618,,30.98,0,0,0,1,0,1,0,"2025-11-15 12:00:00",0
"Lynyrd Skynyrd: Collected","Physical Location","Pop / Rock",,,8719262007901,,49.98,0,0,0,0,0,0,0,"2025-10-07 12:00:00",1
"Lynyrd Skynyrd: Pronounced","Physical Location","Pop / Rock",,,0600753550168,,29.99,0,0,0,2,0,2,0,"2026-04-18 12:00:00",1
"Lynyrd Skynyrd: Street Survivors","Physical Location","Pop / Rock",,,600753550199,,27.98,0,0,0,1,0,1,0,"2026-04-18 12:45:18",1
"Mac Demarco: Another One","Physical Location","Pop / Rock",,,817949038564,,43.98,0,0,0,1,0,1,0,"2026-03-09 12:00:00",3
"Mac Miller: K.I.D.S. (yellow vinyl)","Physical Location",HipHop,,,196922265020,,32.98,0,0,0,1,0,1,0,"2026-05-28 12:00:00",4
"Macklemore & Ryan Lewis: The Heist (cd)","Physical Location",HipHop,,,707541579995,,12.98,0,0,0,1,0,1,0,"2025-10-14 12:00:00",0
"Macklemore: BEN","Physical Location",HipHop,,,5054197392559,,29.98,0,1,0,1,0,1,0,"2025-10-29 12:00:00",0
"Macklemore: Gemini","Physical Location",HipHop,,,798577103926,,21.98,0,0,0,0,0,0,0,"2025-10-14 12:00:00",1
"Macklemore: Gemini (cd)","Physical Location",HipHop,,,798577096327,,12.98,0,0,0,0,0,0,0,"2025-10-14 12:00:00",1
"Maddie + Tae: Love + Light","Physical Location",Country,,,602475870708,,32.99,0,0,0,1,0,1,0,"2025-11-15 12:00:00",0
"Madonna: Immaculate Collection","Physical Location","Pop / Rock",,,603497859344,,39.98,0,2,2,1,0,1,0,"2025-09-24 12:00:00",2
"Madonna: Like a Prayer","Physical Location","Pop / Rock",,,081227973575,,24.98,0,2,0,0,0,0,0,"2025-09-04 12:00:00",2
"Madonna: Like a Virgin","Physical Location","Pop / Rock",,,603497849284,,24.98,0,0,0,1,0,1,0,"2026-05-28 12:00:00",1
"Madonna: True Blue","Physical Location","Pop / Rock",,,081227973582,,24.98,0,1,0,1,0,1,0,"2025-09-04 12:00:00",0
"Maggie Rogers: Heard It In A Past Life","Physical Location",Indie,,,602567944935,,27.98,0,0,0,0,0,0,0,"2026-05-28 12:00:00",2
"Mahler: Symphony No. 5","Physical Location",Classical,,,3701624511541,,39.99,0,0,0,1,0,1,0,"2025-09-30 12:00:00",0
"Mammoth: Mammoth WVH","Physical Location","Pop / Rock",,,750238773497,,32.98,0,0,0,1,0,1,0,"2026-07-02 12:00:00",0
"Mannequin Pussy: I Got Heaven","Physical Location",Indie,,,045778806225,,26.98,0,0,0,1,0,1,0,"2026-07-02 12:00:00",0
"Maria Callas: Callas","Physical Location",Classical,,,0825646242955,,22.98,0,0,0,2,0,2,0,"2026-03-29 12:00:00",1
"Marty Robbins: Sings Gunfighter Ballads","Physical Location",Country,,,8436542019255,,20.99,0,0,0,0,0,0,0,"2025-12-08 12:00:00",2
"Marty Robbins: Sings Gunfighter Ballads (clear vinyl)","Physical Location",Country,,,8435723701545,,22.99,0,0,0,0,0,0,0,"2026-04-10 12:00:00",3
"Marty Robbins: Sings Gunfighter Ballads (red & silver vinyl)","Physical Location",Country,,,198028018210,,27.99,0,1,1,2,0,2,0,"2026-05-28 12:00:00",2
"Marty Robbins: The Return of the Gunfighter","Physical Location",Country,,,198028305815,,23.98,0,0,0,1,0,1,0,"2026-04-10 12:00:00",0
"Masayoshi Takanaka: Jolly Jive (yellow)","Physical Location",Jazz,,,4988031753798,,42.98,0,0,0,1,0,1,0,"2025-10-25 12:00:00",0
"Massive Attack: Protection","Physical Location",HipHop,,,602557009620,,27.98,0,0,0,1,0,1,0,"2026-07-02 12:00:00",0
"Mavis Staples: Sad and Beautiful World","Physical Location",R&B,,,045778807833,,26.98,0,0,0,0,0,0,0,"2025-11-15 12:00:00",1
"Mazzy Star: She Hangs","Physical Location","Pop / Rock",,,602475768555,,27.98,0,0,0,1,0,1,0,"2026-05-28 12:00:00",3
"Mazzy Star: So Tonight","Physical Location","Pop / Rock",,,602557537574,,27.98,0,0,0,2,0,2,0,"2026-04-18 12:00:00",4
"MCR: Black Parade","Physical Location","Pop / Rock",,,093624933595,,39.98,0,1,0,1,0,1,0,"2026-04-16 12:00:00",2
"MCR: Danger Days","Physical Location","Pop / Rock",,,0093624961840,,24.98,0,0,0,1,0,1,0,"2026-01-06 15:19:49",1
"MCR: Three Cheers (deluxe red vinyl)","Physical Location","Pop / Rock",,,093624838937,,36.98,0,0,0,1,0,1,0,"2026-04-16 12:00:00",0
"MCR: Three Cheers (indie exclusive color)","Physical Location","Pop / Rock",,,093624838906,,39.98,0,1,0,0,0,0,0,"2025-09-04 12:00:00",1
"Megadeth: Countdown to Extinction (cd)","Physical Location",Metal,,,723359862026,,13.95,0,0,0,1,0,1,0,"2026-04-18 12:00:00",0
"Megadeth: Countdown to Extinction (picture disc)","Physical Location",Metal,,,602537976478,,35.98,0,0,0,1,0,1,0,"2026-04-18 12:00:00",0
"Megadeth: Megadeth (cd)","Physical Location",Metal,,,024391153222,,13.98,0,0,0,1,0,1,0,"2026-05-29 12:00:00",0
"Megadeth: Peace Sells ","Physical Location",Metal,,,077779193517,,29.99,0,0,0,2,0,2,0,"2026-03-08 12:00:00",2
"Megadeth: Peace Sells (cd)","Physical Location",Metal,,,724359862422,,13.95,0,0,0,1,0,1,0,"2026-04-18 12:00:00",0
"Megadeth: Rust in Peace","Physical Location",Metal,,,077779193516,,29.99,0,0,0,1,0,1,0,"2026-04-18 12:00:00",3
"Megadeth: Rust in Peace (cd)","Physical Location",Metal,,,0724359861920,,16.98,0,0,0,1,0,1,0,"2025-11-29 12:00:00",0
"Megan Moroney: Am I OK (cd)","Physical Location",Country,,,198028134224,,11.96,0,0,0,1,0,1,0,"2025-11-15 12:00:00",0
"Megan Moroney: Am I OK (white vinyl)","Physical Location",Country,,,198018005210,,28.98,0,0,0,1,0,1,0,"2026-04-18 12:00:00",1
"Megan Moroney: Cloud 9 (pink vinyl)","Physical Location",Country,,,198029995619,,35.98,0,0,0,1,0,1,0,"2026-05-28 12:00:00",1
"Melvins: Bullhead","Physical Location","Pop / Rock",,,0038161002519,,22.98,0,0,0,1,0,1,0,"2025-10-22 12:00:00",0
"Melvins: Maggot & the Bootlicker","Physical Location","Pop / Rock",,,689230021315,,35.98,0,1,0,3,0,3,0,"2025-10-10 12:00:00",1
"Melvins: Melvins","Physical Location","Pop / Rock",,,038161003516,,22.98,0,1,0,1,0,1,0,"2025-09-03 12:00:00",0
"Men at Work: Business as Usual (mofi)","Physical Location","Pop / Rock",,,821797100243,,29.99,0,2,0,0,0,0,0,"2025-09-24 12:00:00",2
"Men I Trust: Equus Caballus","Physical Location","Pop / Rock",,,990312406044,,34.98,0,0,0,1,0,1,0,"2025-09-30 12:00:00",0
"Metallica: And Justice For All","Physical Location",Metal,,,858978005776,,39.98,0,2,0,1,0,1,0,"2026-05-28 12:00:00",2
"Metallica: And Justice For All (3 cd)","Physical Location",Metal,,,858978005806,,24.98,0,0,0,1,0,1,0,"2026-04-17 12:00:00",0
"Metallica: Kill Em All","Physical Location",Metal,,,858978005035,,24.98,0,2,0,1,0,1,0,"2026-05-28 12:00:00",3
"Metallica: Kill Em All (cd)","Physical Location","Pop / Rock",,,858978005134,,11.98,0,0,0,1,0,1,0,"2026-04-18 12:00:00",0
"Metallica: Master of Puppets","Physical Location",Metal,,,858978005219,,24.98,0,2,0,1,0,1,0,"2026-01-06 12:00:00",3
"Metallica: Master of Puppets (cd)","Physical Location",Metal,,,858978005202,,11.98,0,0,0,1,0,1,0,"2026-03-08 12:00:00",2
"Metallica: Metallica (black album 3 cd)","Physical Location",Metal,,,850007452070,,24.98,0,0,0,1,0,1,0,"2026-04-17 12:00:00",1
"Metallica: Metallica (black album)","Physical Location",Metal,,,850007452001,,32.98,0,1,1,2,0,2,0,"2026-07-02 16:25:40",4
"Metallica: Ride the Lightning","Physical Location",Metal,,,858978005059,,24.98,0,1,0,2,0,2,0,"2025-10-10 12:00:00",0
"Metallica: Ride the Lightning (cd)","Physical Location","Pop / Rock",,,858978005141,,11.98,0,0,0,1,0,1,0,"2026-04-18 12:00:00",0
"MF Doom: Metal Fingers Presents: Special Herbs vol 1&2","Physical Location",HipHop,,,826257038210,,35.98,0,0,0,0,0,0,0,"2025-10-25 12:00:00",1
"MF Doom: Metal Fingers Presents: Special Herbs vol 3&4","Physical Location",HipHop,,,826257038319,,35.98,0,0,0,0,0,0,0,"2025-10-25 12:00:00",1
"MF Doom: Metal Fingers Presents: Special Herbs vol 7&8","Physical Location",HipHop,,,826257038517,,35.98,0,0,0,0,0,0,0,"2025-10-25 12:00:00",1
"MF Doom: Metal Fingers Presents: Special Herbs vol 9&0","Physical Location",HipHop,,,826257038616,,35.98,0,0,0,0,0,0,0,"2025-10-25 12:00:00",1
"MF Doom: Metal Fingers Presents: Special Herbs vol5&6","Physical Location",HipHop,,,826257038418,,35.98,0,0,0,0,0,0,0,"2025-10-25 12:00:00",1
"MF Doom: Mm... Food (cd)","Physical Location",HipHop,,,826257040022,,13.98,0,0,0,1,0,1,0,"2026-06-09 12:00:00",1
"MF Doom: Mm... Food (sweet tart vinyl)","Physical Location",HipHop,,,826257040015,,35.98,0,1,1,1,0,1,0,"2026-03-29 12:00:00",6
"MF Doom: Operation Doomsday","Physical Location",HipHop,,,0826257035219,,34,0,3,1,2,0,2,0,"2025-09-30 12:00:00",6
"Michael Jackson: Bad","Physical Location","Pop / Rock",,,0888751437437418,,22.98,0,1,1,2,0,2,0,"2026-06-22 12:00:00",6
"Michael Jackson: Dangerous (mofi)","Physical Location","Pop / Rock",,,198028484114,,59.99,0,0,0,0,0,0,0,"2025-12-01 12:00:00",2
"Michael Jackson: Dangerous (sacd)","Physical Location","Pop / Rock",,,198028484220,,34.99,0,0,0,2,0,2,0,"2025-12-01 12:00:00",0
"Michael Jackson: Off the Wall","Physical Location","Pop / Rock",,,0888751894211,,22.98,0,1,1,2,0,2,0,"2026-07-02 12:00:00",4
"Michael Jackson: Off the Wall (one step)","Physical Location","Pop / Rock",,,198028438919,,125,0,0,0,1,0,1,0,"2025-09-29 12:00:00",0
"Michael Jackson: Off The Wall (sacd)","Physical Location","Pop / Rock",,,198028439022,,34.98,0,0,0,1,0,1,0,"2025-12-08 12:00:00",0
"Michael Jackson: Thriller","Physical Location","Pop / Rock",,,888751437319,,22.98,0,3,1,2,0,2,0,"2026-06-22 12:00:00",8
"Miles Davis: Agharta (mofi)","Physical Location",Jazz,,,198028170611,,59.99,0,1,0,2,0,2,0,"2026-01-18 12:00:00",1
"Miles Davis: Birth of the Blue (AP)","Physical Location",Jazz,,,198028166218,,41.98,0,0,0,1,0,1,0,"2026-06-05 12:00:00",1
"Miles Davis: Bitches Brew (one step)","Physical Location",Jazz,,,194399825914,,125,0,0,0,1,0,1,0,"2025-11-05 12:00:00",1
"Miles Davis: Black Beauty (mofi)","Physical Location",Jazz,,,198028170413,,59.99,0,1,0,0,0,0,0,"2026-06-05 12:00:00",2
"Miles Davis: In a Silent Way (mofi)","Physical Location",Jazz,,,886979435810,,39.99,0,0,0,1,0,1,0,"2026-06-05 12:00:00",4
"Miles Davis: Kind of Blue","Physical Location",Jazz,,,886976805715,,27.98,0,3,1,1,0,1,0,"2026-05-28 12:00:00",7
"Miles Davis: Sketches of Spain (mofi)","Physical Location",Jazz,,,886979437913,,39.99,0,0,0,0,0,0,0,"2026-06-05 12:00:00",1
"Miles Davis: Sorcerer (sacd)","Physical Location",Jazz,,,821797214568,,34.99,0,0,0,1,0,1,0,"2025-11-05 12:00:00",0
"Miley Cyrus: Something Beautiful","Physical Location","Pop / Rock",,,198029012217,,31.98,0,2,0,2,0,2,0,"2025-09-04 12:00:00",0
"Misfits: Walk Among Us (used lp)","Physical Location","Pop / Rock",,,83429088,,75,0,0,0,0,0,0,0,"2026-04-15 12:00:00",1
"Mitski: Be the Cowboy","Physical Location",Indie,,,656605145013,,26.98,0,0,0,1,0,1,0,"2026-03-07 12:00:00",1
"Mitski: Bury Me at Makeout","Physical Location",Indie,,,0656605142210,,24.98,0,0,0,1,0,1,0,"2026-01-06 12:00:00",1
"Mitski: Nothing's About to Happen to Me","Physical Location",Indie,,,656605175010,,23.98,0,0,0,2,0,2,0,"2026-04-16 12:00:00",1
"Mitski: Puberty 2","Physical Location",Indie,,,0656605142319,,24.98,0,0,0,2,0,2,0,"2026-04-16 12:00:00",2
"Mizmor & Hell: Alluvion ","Physical Location",Metal,,,798576335090,,27.98,0,0,0,2,0,2,0,"2026-02-15 12:00:00",0
"Mizmor & Hell: Alluvion (cloud vinyl)","Physical Location",Metal,,,798576335298,,29.98,0,0,0,2,0,2,0,"2026-02-15 12:00:00",0
"Mizmor & Hell: Alluvion (red vinyl)","Physical Location",Metal,,,798576335199,,29.98,0,0,0,1,0,1,0,"2026-02-15 12:00:00",0
"Modern Baseball: You're Gonna Miss it All","Physical Location","Pop / Rock",,,810097917729,,86.98,0,1,0,2,0,2,0,"2025-11-04 12:00:00",0
"Modest Mouse: Eraser & a Maze","Physical Location","Pop / Rock",,,198704941979,,41.98,0,0,0,1,0,1,0,"2026-06-06 12:00:00",0
"Modest Mouse: Good News for People Who Love Bad News","Physical Location","Pop / Rock",,,196588302815,,41.98,0,2,0,0,0,0,0,"2025-09-04 12:00:00",2
"Moe: Circle of Giants","Physical Location","Pop / Rock",,,880882654313,,37.99,0,0,0,1,0,1,0,"2025-11-23 12:00:00",1
"Monophonics: It's Only Us","Physical Location",R&B,,,674862654581,,26.98,0,0,0,1,0,1,0,"2026-05-28 12:00:00",2
"Morgan Wallen: Dangerous: The Double Album","Physical Location",Country,,,602435344249,,39.98,0,2,0,5,0,5,0,"2025-10-10 12:00:00",2
"Morgan Wallen: Dangerous: The Double Album (cd)","Physical Location",Country,,,602435364094,,19.99,0,1,0,1,0,1,0,"2025-09-04 12:00:00",0
"Morgan Wallen: I'm The Problem","Physical Location",Country,,,602475886396,,49.98,0,1,0,2,0,2,0,"2025-10-29 12:00:00",0
"Morgan Wallen: One Thing at a Time","Physical Location",Country,,,602455190338,,49.99,0,2,0,2,0,2,0,"2025-10-10 12:00:00",3
"Mort Garson: Mother Earth's Plantasia","Physical Location","Pop / Rock",,,843563116043,,23.98,0,0,0,0,0,0,0,"2026-06-06 12:00:00",2
"Morton Feldman: Rothko Chapel for Frank O'Hara","Physical Location",Classical,,,848064020585,,29.98,0,0,0,3,0,3,0,"2026-02-15 12:00:00",0
"Mother Love Bone: Apple","Physical Location","Pop / Rock",,,602478357541,,27.98,0,0,0,1,0,1,0,"2026-05-28 12:00:00",1
"Mother Love Bone: Apple (cd)","Physical Location","Pop / Rock",,,0602478357558,,13.99,0,0,0,1,0,1,0,"2025-12-08 12:00:00",0
"Motley Crue: Dr. Feelgood","Physical Location","Pop / Rock",,,4050538782554,,26.98,0,1,0,1,0,1,0,"2026-05-28 12:00:00",2
"Motley Crue: Girls Girls Girls","Physical Location","Pop / Rock",,,050538782561,,26.98,0,0,0,1,0,1,0,"2026-05-28 12:00:00",1
"Motley Crue: Shout at the Devil","Physical Location","Pop / Rock",,,4050538782578,,26.98,0,1,0,1,0,1,0,"2025-09-04 12:00:00",0
"Mudhoney: Every Good Boy (30th anniversary)","Physical Location","Pop / Rock",,,0098787141412,,29.98,0,0,0,1,0,1,0,"2026-02-25 12:00:00",2
"Mudhoney: Every Good Boy (cassette)","Physical Location","Pop / Rock",,,0098787010541,,10.98,0,0,0,1,0,1,0,"2026-02-25 12:00:00",1
"Mudhoney: Mudhoney","Physical Location","Pop / Rock",,,098787004410,,24.98,0,1,0,1,0,1,0,"2025-10-21 12:00:00",1
"Mudhoney: Mudhoney (cassette)","Physical Location","Pop / Rock",,,0089787004441,,10.98,0,0,0,1,0,1,0,"2026-03-29 12:00:00",2
"Mudhoney: Superfuzz Bigmuff","Physical Location","Pop / Rock",,,098787002157,,24.98,0,8,0,5,0,5,0,"2025-09-04 12:00:00",3
"Mudhoney: Superfuzz Bigmuff (cassette)","Physical Location","Pop / Rock",,,0098787002140,,10.98,0,0,0,0,0,0,0,"2025-12-08 12:00:00",2
"Mudhoney: Touch Me I'm Sick/Sweet Young Thing (7 inch)","Physical Location","Pop / Rock",,,700187,,10.98,0,0,0,1,0,1,0,"2026-05-04 12:00:00",0
"Mumford & Son's: Sigh No More","Physical Location","Pop / Rock",,,892038002244,,30.98,0,1,0,0,0,0,0,"2025-09-10 12:00:00",1
"Mumford & Son's: Sigh No More (import)","Physical Location","Pop / Rock",,,602527236018,,48.99,0,0,0,1,0,1,0,"2026-06-22 00:00:00",1
"Naked Eyes: Naked Eyes","Physical Location","Pop / Rock",,,840401707913,,40.98,0,0,0,1,0,1,0,"2026-04-18 12:00:00",1
"Nas: ILLmatic","Physical Location",HipHop,,,5099747595912,,27.99,0,0,0,0,0,0,0,"2025-10-25 12:00:00",2
"Nat King Cole: Wild Is Love","Physical Location",Jazz,,,13920619452381,,7.99,0,0,0,0,0,0,0,"2025-12-16 12:00:00",1
"Natalie Merchant: Tigerlily (mofi)","Physical Location","Pop / Rock",,,821797450089,,59.99,0,1,0,0,0,0,0,"2025-09-10 12:00:00",1
"Neil Young: Greatest Hits (cd)","Physical Location","Pop / Rock",,,093624893523,,14.98,0,0,0,1,0,1,0,"2025-10-11 12:00:00",0
"Neil Young: Harvest","Physical Location",Unassigned,,,093624976349,,29.98,0,0,0,0,0,0,0,"2026-04-18 12:00:00",1
"Neil Young: Harvest Moon","Physical Location","Pop / Rock",,,093624976349,,29.98,0,0,0,1,0,1,0,"2026-02-08 00:00:00",4
"Neko Case: Fox Confessor","Physical Location",Indie,,,004577867719,,26.98,0,0,0,2,0,2,0,"2026-03-07 12:00:00",2
"Neptunes: Neptunes Present (cd)","Physical Location",HipHop,,,828765338622,,19.99,0,0,0,0,0,0,0,"2025-10-11 12:00:00",1
"Neutral Milk Hotel: In the Aeroplane Over the Sea","Physical Location","Pop / Rock",,,673855013619,,24.98,0,2,0,1,0,1,0,"2026-05-28 12:00:00",6
"New Order: Substance","Physical Location","Pop / Rock",,,190295928889,,34.98,0,0,0,1,0,1,0,"2026-01-06 12:00:00",4
"New York Dolls: New York Dolls (mofi)","Physical Location","Pop / Rock",,,821797258012,,59.99,0,0,0,1,0,1,0,"2026-06-05 12:00:00",2
"Nick Drake: Bryter Layter","Physical Location","Pop / Rock",,,602537347551,,27.98,0,0,0,2,0,2,0,"2026-03-08 12:00:00",3
"Nickelback: All Right Reason (cd)","Physical Location","Pop / Rock",,,016861830021,,11.98,0,0,0,1,0,1,0,"2025-10-11 12:00:00",0
"Nickelback: All the Right Reasons (cd)","Physical Location","Pop / Rock",,,0016861830021,,11.98,0,0,0,1,0,1,0,"2025-10-20 12:00:00",0
"Nina Simone: I put a Spell on You","Physical Location",Jazz,,,600753605707,,29.99,0,0,0,2,0,2,0,"2026-05-28 12:00:00",2
"Nina Simone: I Put a Spell on You (verve)","Physical Location",Jazz,,,602507274658,,38.98,0,0,0,0,0,0,0,"2025-12-08 12:00:00",1
"Nine Inch Nails: The Downward Spiral","Physical Location",Metal,,,602557142785,,37.99,0,0,0,1,0,1,0,"2026-04-18 12:00:00",2
"Nine Inch Nails: Tron Ares","Physical Location",Soundtracks,,,602478507328,,39.98,0,0,0,1,0,1,0,"2025-10-25 12:00:00",0
"Nine Inch Nails: With Teeth","Physical Location",Metal,,,602557142761,,37.99,0,0,0,1,0,1,0,"2026-04-18 12:00:00",2
"Nirvana: Bleach","Physical Location","Pop / Rock",,,098787003413,,24.98,0,1,0,2,0,2,0,"2026-03-20 12:00:00",0
"Nirvana: Bleach (cassette)","Physical Location","Pop / Rock",,,0098787003444,,10.98,0,0,0,1,0,1,0,"2026-05-22 12:00:00",3
"Nirvana: Bleach (expanded cd)","Physical Location","Pop / Rock",,,098787083422,,15.98,0,0,0,0,0,0,0,"2026-04-10 12:00:00",3
"Nirvana: Bleach (expanded lp)","Physical Location","Pop / Rock",,,708341,,29.98,0,0,0,1,0,1,0,"2026-06-11 12:00:00",0
"Nirvana: From the Muddy Banks","Physical Location","Pop / Rock",,,720642510513,,37.99,0,1,0,1,0,1,0,"2026-04-18 12:00:00",3
"Nirvana: In Utero","Physical Location","Pop / Rock",,,720642453612,,29.99,0,2,0,2,0,2,0,"2026-03-29 12:00:00",4
"Nirvana: In Utero (2cd deluxe)","Physical Location","Pop / Rock",,,602455178572,,19.95,0,0,0,1,0,1,0,"2025-10-12 12:00:00",0
"Nirvana: In Utero (cd)","Physical Location","Pop / Rock",,,602537502950,,13.95,0,0,0,1,0,1,0,"2025-10-11 12:00:00",0
"Nirvana: Incesticide","Physical Location","Pop / Rock",,,602537204830,,48.98,0,0,0,2,0,2,0,"2026-03-29 12:00:00",2
"Nirvana: Insecticide (cd)","Physical Location","Pop / Rock",,,720642450420,,13.95,0,0,0,0,0,0,0,"2025-11-11 12:00:00",1
"Nirvana: Nevermind","Physical Location","Pop / Rock",,,720642442517,,29.99,0,3,0,2,0,2,0,"2026-07-02 12:00:00",6
"Nirvana: Nevermind (2cd deluxe)","Physical Location","Pop / Rock",,,602438625314,,19.95,0,0,0,1,0,1,0,"2025-10-12 12:00:00",0
"Nirvana: Nevermind (cd)","Physical Location","Pop / Rock",,,602527779089,,13.95,0,0,0,2,0,2,0,"2025-11-15 12:00:00",3
"Nirvana: Sliver/Dive (7 inch)","Physical Location","Pop / Rock",,,700737,,10.98,0,0,0,1,0,1,0,"2026-05-04 12:00:00",0
"Nirvana: Unplugged (2 LP)","Physical Location","Pop / Rock",,,602577307348,,32.99,0,3,1,2,0,2,0,"2026-03-29 12:00:00",8
"No Doubt: Tragic Kingdom","Physical Location","Pop / Rock",,,602547047250,,27.98,0,0,0,0,0,0,0,"2026-05-28 12:00:00",1
"Noah Kahan: Great Divide","Physical Location","Pop / Rock",,,199957317290,,45.99,0,0,0,0,0,0,0,"2026-05-29 12:00:00",1
"NOFX: I Heard They Suck Live","Physical Location","Pop / Rock",,,751097052815,,28.98,0,0,0,1,0,1,0,"2025-10-25 12:00:00",0
"Norah Jones: Come Away With Me anniversary","Physical Location","Pop / Rock",,,602438842346,,27.98,0,2,0,1,0,1,0,"2026-06-06 12:00:00",4
"Oasis: What's The Story","Physical Location","Pop / Rock",,,5051961073010,,37.98,0,0,0,0,0,0,0,"2025-11-11 12:00:00",1
"Of Monsters And Men: All Is Love And Pain","Physical Location",Indie,,,198704578595,,34.98,0,1,0,1,0,1,0,"2025-10-31 12:00:00",1
"Old Crow Medicine Show: Union Made","Physical Location",Country,,,840381616403,,29.98,0,0,0,1,0,1,0,"2026-07-02 12:00:00",0
"Old Crow Medicine Show: Union Made (Indie Exclusive)","Physical Location",Country,,,840381616410,,29.98,0,0,0,1,0,1,0,"2026-07-02 12:00:00",0
"Old Dominion: Barbara","Physical Location",Country,,,198029416015,,27.98,0,0,0,1,0,1,0,"2025-11-15 12:00:00",0
"Old Dominion: Barbara (cd)","Physical Location",Country,,,198029416022,,11.96,0,0,0,1,0,1,0,"2025-11-15 12:00:00",0
"Olivia Dean: Art of Loving","Physical Location","Pop / Rock",,,602478163326,,32.99,0,0,0,1,0,1,0,"2026-05-28 12:00:00",5
"Olivia Dean: Messy","Physical Location","Pop / Rock",,,602455215895,,36.98,0,0,0,1,0,1,0,"2026-05-28 12:00:00",1
"Olivia Rodrigo: Guts","Physical Location","Pop / Rock",,,0602455977625,,29.99,0,0,0,1,0,1,0,"2026-05-28 12:00:00",1
"Olivia Rodrigo: Sour","Physical Location","Pop / Rock",,,602438106417,,27.98,0,1,0,0,0,0,0,"2026-03-07 12:00:00",2
"Olivia Rodrigo: Sour (cd)","Physical Location","Pop / Rock",,,602438077441,,13.99,0,1,0,1,0,1,0,"2025-09-04 12:00:00",0
"Olivia Rodrigo: You Seem So Sad","Physical Location","Pop / Rock",,,199957611336,,32.99,0,0,0,1,0,1,0,"2026-07-02 12:00:00",0
"OMD: Bauhaus Staircase","Physical Location",Electronic,,,5060204805394,,28.98,0,0,0,0,0,0,0,"2025-11-05 12:00:00",1
"OMD: Crush","Physical Location",Electronic,,,602478264269,,37.99,0,0,0,1,0,1,0,"2025-11-05 12:00:00",0
"OMD: Universal","Physical Location",Electronic,,,602435422589,,29.99,0,0,0,1,0,1,0,"2025-11-05 12:00:00",0
"Opeth: Last Will and Testament","Physical Location",Metal,,,262464731654,,35.98,0,0,0,2,0,2,0,"2026-02-08 12:00:00",0
"Opeth: Watershed (silver vinyl)","Physical Location",Metal,,,8719262039179,,53.98,0,0,0,2,0,2,0,"2026-02-08 21:46:02",2
"Oscar Peterson Trio: We Get Requests","Physical Location",Jazz,,,600753970959,,19.99,0,1,0,0,0,0,0,"2025-09-10 12:00:00",1
"Otis Redding: Now Playing","Physical Location",R&B,,,603497827879,,19.98,0,0,0,1,0,1,0,"2026-04-18 12:00:00",1
"Otis Redding: Otis Blue (clear vinyl)","Physical Location",R&B,,,603497837502,,24.98,0,0,0,2,0,2,0,"2026-05-28 12:00:00",3
"Outsiders: The-c.q. limited yellow","Physical Location","Pop / Rock",,,0602465108286,,36.98,0,0,0,1,0,1,0,"2025-09-30 12:00:00",0
"Ozzy Osbourne: Bark at the Moon (blue vinyl)","Physical Location",Metal,,,196587408510,,27.98,0,2,0,1,0,1,0,"2026-07-02 12:00:00",3
"Ozzy Osbourne: Blizzard of Ozz","Physical Location",Metal,,,886977381911,,28.98,0,0,0,2,0,2,0,"2026-01-06 12:00:00",2
"Ozzy Osbourne: Blizzard of Ozz (cd)","Physical Location",Metal,,,0886977381829,,9.99,0,0,0,1,0,1,0,"2026-05-28 12:00:00",1
"Ozzy Osbourne: Diary of a Madman (red vinyl)","Physical Location",Metal,,,194398833910,,37.99,0,0,0,1,0,1,0,"2025-10-12 12:00:00",0
"Ozzy Osbourne: No More Tears","Physical Location",Metal,,,194398772714,,41.98,0,0,0,1,0,1,0,"2026-01-18 12:00:00",0
"Ozzy Osbourne: No More Tears (cd)","Physical Location","Pop / Rock",,,888430615922,,9.99,0,0,0,0,0,0,0,"2026-04-18 12:00:00",1
"Ozzy Osbourne: No Rest for the Wicked (cd)","Physical Location","Pop / Rock",,,886979175129,,9.99,0,0,0,1,0,1,0,"2026-04-18 12:00:00",0
"Pantera: Vulgar Display (cd)","Physical Location",Metal,,,075679175823,,14.98,0,0,0,1,0,1,0,"2026-04-18 12:00:00",1
"Pastel Ghost: Abyss (colored vinyl)","Physical Location","Pop / Rock",,,843563199152,,29.98,0,0,0,4,0,4,0,"2026-04-10 12:00:00",0
"Pearl Jam: Binaural","Physical Location","Pop / Rock",,,0889854091217,,35.98,0,0,0,1,0,1,0,"2025-11-29 12:00:00",0
"Pearl Jam: No Code","Physical Location","Pop / Rock",,,194398891613,,35.98,0,1,0,1,0,1,0,"2025-09-04 12:00:00",0
"Pearl Jam: Ten","Physical Location","Pop / Rock",,,889853768714,,22.98,0,1,1,2,0,2,0,"2026-07-02 12:00:00",4
"Pearl Jam: Vitalogy","Physical Location","Pop / Rock",,,886978431110,,35.98,0,1,0,1,0,1,0,"2025-10-04 12:00:00",1
"Pearl Jam: VS (30th anniversary)","Physical Location","Pop / Rock",,,196588300516,,44.98,0,0,0,1,0,1,0,"2025-10-11 12:00:00",0
"Pearl Jam: Yield","Physical Location","Pop / Rock",,,889853036615,,27.98,0,0,0,2,0,2,0,"2025-12-24 12:00:00",1
"Pete Droge: Necktie Second","Physical Location","Pop / Rock",,,0981715917947,,34.98,0,0,0,0,0,0,0,"2025-12-14 12:00:00",2
"Peter Gabriel: So","Physical Location","Pop / Rock",,,884108016404,,26.98,0,0,0,0,0,0,0,"2025-09-30 12:00:00",1
"Peter Gabriel: So (cd)","Physical Location","Pop / Rock",,,884108001547,,15.98,0,0,0,0,0,0,0,"2025-10-14 12:00:00",1
"Pharoah Sanders Quartet: Moonchild","Physical Location",Jazz,,,8719262041059,,35.98,0,0,0,1,0,1,0,"2025-09-30 12:00:00",0
"Pharoah Sanders: Love Is Here","Physical Location",Jazz,,,8436569196052,,39.98,0,0,0,1,0,1,0,"2025-09-30 12:00:00",0
"Pharoah Sanders: Message from Home","Physical Location",Jazz,,,0602488520720,,35.98,0,0,0,1,0,1,0,"2025-09-30 12:00:00",0
"Pharoah Sanders: Welcome to Love","Physical Location",Jazz,,,8719262041042,,44.98,0,0,0,1,0,1,0,"2025-09-30 12:00:00",0
"Phil Collins: But Seriously","Physical Location","Pop / Rock",,,081227947156,,39.98,0,0,0,1,0,1,0,"2025-10-14 12:00:00",0
"Phil Collins: Face Value","Physical Location","Pop / Rock",,,081227953935,,24.98,0,0,0,0,0,0,0,"2025-09-30 12:00:00",1
"Phil Collins: No Jacket Required","Physical Location","Pop / Rock",,,081227951894,,24.98,0,0,0,1,0,1,0,"2025-09-30 12:00:00",0
"Phillipe Sarde: Mort D'un Pourri","Physical Location",Jazz,,,760300319703,,34.98,0,0,0,0,0,0,0,"2026-06-09 12:00:00",1
"Piano Guys: Piano Guys","Physical Location",Classical,,,8719262038530,,35.98,0,0,0,3,0,3,0,"2025-12-01 00:00:00",0
"Pierce the Veil: Collide With the Sky (aqua vinyl)","Physical Location","Pop / Rock",,,0888072478534,,25.98,0,0,0,1,0,1,0,"2026-05-28 12:00:00",4
"Pierce the Veil: The Jaws of Life (deluxe bonus track)","Physical Location","Pop / Rock",,,888072633582,,64.98,0,0,0,1,0,1,0,"2025-12-08 12:00:00",0
"Pink Floyd: Animals","Physical Location","Pop / Rock",,,888751842717,,27.98,0,1,0,1,0,1,0,"2026-04-16 12:00:00",4
"Pink Floyd: Dark Side of the Moon","Physical Location","Pop / Rock",,,0196587202712,,34.98,0,3,1,3,0,3,0,"2026-06-22 12:00:00",9
"Pink Floyd: Dark Side of the Moon (cd)","Physical Location","Pop / Rock",,,196587714024,,12.96,0,0,0,1,0,1,0,"2026-05-28 12:00:00",1
"Pink Floyd: Meddle","Physical Location","Pop / Rock",,,888751842311,,29.98,0,1,1,0,0,0,0,"2026-04-16 12:00:00",6
"Pink Floyd: The Wall","Physical Location","Pop / Rock",,,8887511842816,,44.98,0,3,0,2,0,2,0,"2026-04-16 12:00:00",3
"Pink Floyd: Wish You Were Here","Physical Location","Pop / Rock",,,088751842618,,31.98,0,0,0,1,0,1,0,"2026-05-28 12:00:00",5
"Pink Floyd: Wish You Were Here (cd)","Physical Location","Pop / Rock",,,888751709225,,11.98,0,0,0,1,0,1,0,"2026-04-18 12:00:00",2
"Pink: Greatest Hits So Far (cd)","Physical Location","Pop / Rock",,,886978065728,,9.99,0,0,0,1,0,1,0,"2025-10-04 12:00:00",0
"Pixies: Bossanova","Physical Location","Pop / Rock",,,652637001013,,29.98,0,0,0,1,0,1,0,"2026-04-18 12:00:00",2
"Pixies: Complete B Sides","Physical Location","Pop / Rock",,,191400087811,,44.99,0,0,0,1,0,1,0,"2026-07-02 12:00:00",0
"Pixies: Doolittle","Physical Location","Pop / Rock",,,652637090512,,31.98,0,0,0,1,0,1,0,"2026-04-18 12:00:00",3
"Pixies: Surfer Rosa ","Physical Location","Pop / Rock",,,652637080315,,31.98,0,1,0,0,0,0,0,"2026-03-08 21:34:12",2
"Pixies: Surfer Rosa (cd)","Physical Location","Pop / Rock",,,652637803020,,16.98,0,1,0,1,0,1,0,"2025-09-03 12:00:00",0
"Pogues: Rum, Sodomy And The Lash","Physical Location","Pop / Rock",,,825646255894,,24.98,0,0,0,0,0,0,0,"2025-10-25 12:00:00",1
"Pogues: The Best of the Pogues","Physical Location","Pop / Rock",,,190295652449,,24.98,0,0,0,1,0,1,0,"2026-03-07 12:00:00",1
"Poison Girl Friend: Shyness","Physical Location",Electronic,,,4549767345529,,42.98,0,0,0,1,0,1,0,"2025-10-25 12:00:00",0
"Posies: Dream all Day best of (cd)","Physical Location","Pop / Rock",,,606949055523,,13.98,0,1,0,1,0,1,0,"2025-09-03 12:00:00",0
"Post Malone: 12 Carat Toothache","Physical Location",HipHop,,,602448015914,,45.99,0,1,0,1,0,1,0,"2025-09-10 12:00:00",0
"Post Malone: F-1 Trillion","Physical Location",HipHop,,,602465835571,,45.99,0,0,0,1,0,1,0,"2025-11-18 12:00:00",0
"Pretenders: Learning to Crawl (mofi)","Physical Location","Pop / Rock",,,821797133913,,39.99,0,2,0,0,0,0,0,"2025-09-10 12:00:00",2
"Pretenders: Pretenders (mofi)","Physical Location","Pop / Rock",,,821797137218,,39.99,0,1,0,1,0,1,0,"2025-09-10 12:00:00",0
"Pretty Guardian Sailor Moon: The 30th Anniversary","Physical Location",Soundtracks,,,4988003610579,,57.98,0,0,0,0,0,0,0,"2025-10-14 12:00:00",1
"Prince: 1999","Physical Location","Pop / Rock",,,194398637310,,32.98,0,0,0,2,0,2,0,"2026-06-22 12:00:00",0
"Prince: Purple Rain","Physical Location","Pop / Rock",,,093624930242,,24.98,0,3,1,2,0,2,0,"2026-06-22 12:00:00",7
"Prince: Purple Rain (one step)","Physical Location",Soundtracks,,,603497811298,,99.98,0,0,0,0,0,0,0,"2025-10-11 12:00:00",1
"Pulp: Different Class (cd)","Physical Location","Pop / Rock",,,0731452416520,,13.99,0,0,0,1,0,1,0,"2025-10-20 12:00:00",0
"Quadeca: Didn't Mean To Haunt You (green vinyl)","Physical Location",HipHop,,,840460775595,,37.98,0,0,0,1,0,1,0,"2025-11-18 12:00:00",0
"Quadeca: Vanisher Horizon Scraper","Physical Location",HipHop,,,843563192054,,39.98,0,0,0,1,0,1,0,"2025-11-11 12:00:00",0
"Queen of the Damned: Soundtrack","Physical Location",Soundtracks,,,81227806347,,36.98,0,0,0,2,0,2,0,"2026-01-18 12:00:00",2
"Queen: A Night at the Opera","Physical Location","Pop / Rock",,,050087512194,,29.98,0,2,0,2,0,2,0,"2025-09-24 12:00:00",2
"Queen: Day at the Races","Physical Location","Pop / Rock",,,050087511098,,29.98,0,0,0,1,0,1,0,"2026-05-28 12:00:00",3
"Queen: Day at the Races (cd)","Physical Location","Pop / Rock",,,050087240783,,11.98,0,0,0,1,0,1,0,"2025-10-11 12:00:00",0
"Queen: Greatest Hits","Physical Location","Pop / Rock",,,050087350642,,35.98,0,2,2,5,0,5,0,"2026-06-05 12:00:00",15
"Queen: Hot Space (cd)","Physical Location","Pop / Rock",,,050087245542,,19.99,0,0,0,1,0,1,0,"2026-04-24 12:00:00",0
"Queen: Jazz (cd)","Physical Location","Pop / Rock",,,0602527717678,,17.99,0,0,0,1,0,1,0,"2025-09-30 12:00:00",0
"Queen: Sheer Heart Attack","Physical Location","Pop / Rock",,,0050087511111,,29.98,0,0,0,5,0,5,0,"2025-09-30 12:00:00",2
"Queens of the Stone Age: Songs For the Deaf","Physical Location","Pop / Rock",,,602508108587,,37.99,0,0,0,2,0,2,0,"2026-07-02 12:00:00",2
"Queensryche: Empire","Physical Location",Metal,,,602577118524,,37.99,0,0,0,2,0,2,0,"2026-02-28 12:00:00",1
"Queensryche: Operation Mindcrime","Physical Location",Metal,,,602577140396,,37.99,0,0,0,1,0,1,0,"2026-04-18 12:00:00",1
"R.E.M.: Automatic for the People","Physical Location","Pop / Rock",,,888072029835,,29.98,0,0,0,1,0,1,0,"2026-07-02 12:00:00",0
"R.E.M.: Document","Physical Location","Pop / Rock",,,076742205911,,29.99,0,0,0,1,0,1,0,"2026-07-02 12:00:00",0
"R.E.M.: Monster","Physical Location","Pop / Rock",,,888072111486,,25.98,0,0,0,1,0,1,0,"2026-07-02 12:00:00",1
"R.E.M.: Out of Time","Physical Location","Pop / Rock",,,888072004405,,29.98,0,0,0,0,0,0,0,"2026-06-09 12:00:00",1
"Radiohead: Bends","Physical Location","Pop / Rock",,,0634904078010,,38.98,0,1,1,1,0,1,0,"2026-04-16 12:00:00",8
"Radiohead: Bends (cd)","Physical Location","Pop / Rock",,,0634904078027,,16.98,0,0,0,2,0,2,0,"2026-04-18 12:00:00",3
"Radiohead: Hail to the Thief","Physical Location","Pop / Rock",,,634904078515,,37.98,0,0,0,1,0,1,0,"2026-03-08 12:00:00",4
"Radiohead: In Rainbows","Physical Location","Pop / Rock",,,0624904032418,,38.98,0,1,1,2,0,2,0,"2026-06-22 12:00:00",4
"Radiohead: In Rainbows (cd)","Physical Location","Pop / Rock",,,0634904032425,,16.98,0,0,0,0,0,0,0,"2026-01-06 12:00:00",2
"Radiohead: Kid A","Physical Location","Pop / Rock",,,634904078201,,42.98,0,0,0,1,0,1,0,"2026-04-16 12:00:00",4
"Radiohead: OK Computer","Physical Location","Pop / Rock",,,0634904078119,,42.98,0,3,1,3,0,3,0,"2026-06-22 12:00:00",7
"Radiohead: OK Computer (cd)","Physical Location","Pop / Rock",,,0634904078126,,16.98,0,0,0,0,0,0,0,"2026-05-28 12:00:00",4
"Rage Against The Machine: Evil Empire","Physical Location","Pop / Rock",,,0190758512013,,26.98,0,0,0,2,0,2,0,"2026-04-10 12:00:00",6
"Rage Against The Machine: Rage Against The Machine","Physical Location","Pop / Rock",,,0887254704515,,27.98,0,0,0,1,0,1,0,"2026-02-08 12:00:00",5
"Rainbow Kitten Surprise: Bones (banana vinyl)","Physical Location",Indie,,,075678596834,,27.98,0,0,0,1,0,1,0,"2025-11-23 12:00:00",2
"Ramones: Ramones","Physical Location","Pop / Rock",,,0081227932756,,24.98,0,0,0,1,0,1,0,"2026-04-16 12:00:00",1
"Ramones: Rocket to Russia","Physical Location","Pop / Rock",,,0081227932701,,24.98,0,0,0,1,0,1,0,"2026-04-16 12:00:00",1
"Rascal Flatts: Twenty Years","Physical Location",Country,,,843930055968,,24.98,0,0,0,1,0,1,0,"2025-11-15 12:00:00",0
"Ray Charles: What'd I Say (AT75)","Physical Location",R&B,,,753088754876,,60.98,0,0,0,1,0,1,0,"2025-09-30 12:00:00",0
"Ray Lamontagne: Monovision","Physical Location","Pop / Rock",,,194397770414,,23.98,0,0,0,1,0,1,0,"2026-06-09 12:00:00",0
"Ray Lamontagne: Till the Sun Turns Black","Physical Location","Pop / Rock",,,840381601638,,36.99,0,0,0,2,0,2,0,"2026-06-06 12:00:00",0
"Ray Lamontagne: Trouble","Physical Location","Pop / Rock",,,840381600662,,31.98,0,1,0,2,0,2,0,"2026-06-22 12:00:00",5
"Reader's Digest: Background Moods","Physical Location",Classical,,,11213978032,,29.99,0,0,0,1,0,1,0,"2025-12-16 12:00:00",0
"Record Sleeve (50 pack)","Physical Location",Unassigned,,,2262601821,,22.99,0,0,0,6,0,6,0,"2025-09-26 00:00:00",0
"Record Sleeve (Single)","Physical Location",Unassigned,,,72262601821,,0.99,0,0,0,45,0,45,0,"2025-09-26 00:00:00",2
"Red Clay Strays: Made by These Moments","Physical Location",Country,,,198028643511,,25.98,0,0,0,0,0,0,0,"2026-03-07 12:00:00",2
"Red Clay Strays: Made by These Moments (cd)","Physical Location",Country,,,198028115223,,11.96,0,0,0,1,0,1,0,"2026-04-18 12:00:00",1
"RENT: Soundtrack","Physical Location",Soundtracks,,,603497809936,,36.98,0,0,0,2,0,2,0,"2026-01-18 12:00:00",0
"RHCP: Blood Sugar Sex Magik","Physical Location","Pop / Rock",,,093624954163,,39.98,0,0,0,0,0,0,0,"2025-10-12 12:00:00",1
"RHCP: Blood Sugar Sex Magik (cd)","Physical Location","Pop / Rock",,,0075992668125,,11.98,0,0,0,1,0,1,0,"2025-12-08 12:00:00",0
"RHCP: Californication","Physical Location",Unassigned,,,093624738619,,39.98,0,2,0,2,0,2,0,"2026-05-28 12:00:00",4
"RHCP: Californication (cd)","Physical Location","Pop / Rock",,,0093624738626,,11.98,0,0,0,0,0,0,0,"2025-12-14 12:00:00",3
"RHCP: Greatest Hits","Physical Location","Pop / Rock",,,093624854517,,39.98,0,1,0,1,0,1,0,"2026-03-08 12:00:00",2
"RHCP: Greatest Hits (cd)","Physical Location","Pop / Rock",,,0093624854524,,14.98,0,0,0,1,0,1,0,"2025-12-08 12:00:00",0
"RHCP: Mother's Milk","Physical Location","Pop / Rock",,,0077779215218,,29.99,0,1,0,1,0,1,0,"2025-09-10 12:00:00",0
"RHCP: Stadium Arcadium (cd)","Physical Location","Pop / Rock",,,0093624999621,,19.98,0,0,0,1,0,1,0,"2025-10-20 12:00:00",0
"Rick James: Street Songs (mofi)","Physical Location",R&B,,,821797257817,,59.99,0,0,0,1,0,1,0,"2025-12-08 12:00:00",2
"Roberta Flack: Killing me Softly (AT75)","Physical Location",R&B,,,753088755477,,60.98,0,1,0,1,0,1,0,"2025-09-10 12:00:00",0
"Rockabye Baby: Nirvana (used cd)","Physical Location","Pop / Rock",,,2729798082,,7.5,0,0,0,1,0,1,0,"2025-09-12 12:00:00",0
"Rodgers & Hammerstein's: South Pacific","Physical Location",Classical,,,992182091380,,5.99,0,0,0,1,0,1,0,"2025-12-16 12:00:00",0
"Rogue Wave: Descended Like Vultures (color vinyl)","Physical Location",Indie,,,706775,,24.98,0,0,0,1,0,1,0,"2026-03-21 12:00:00",1
"Rogue Wave: Out of the Shadow (color vinyl)","Physical Location",Indie,,,706503,,24.98,0,0,0,2,0,2,0,"2026-03-21 12:00:00",0
"Rollin the Dice: Soundtracks (green vinyl)","Physical Location",Soundtracks,,,8436569195987,,25.98,0,0,0,1,0,1,0,"2025-12-14 12:00:00",1
"Rolling Stones: Aftermath","Physical Location","Pop / Rock",,,018771211914,,25.99,0,1,0,1,0,1,0,"2026-03-07 12:00:00",1
"Rolling Stones: Beggars Banquet","Physical Location","Pop / Rock",,,018771204817,,25.99,0,0,0,1,0,1,0,"2026-01-18 12:00:00",1
"Rolling Stones: Hot Rocks 1964-1971","Physical Location","Pop / Rock",,,018771993018,,37.99,0,1,0,1,0,1,0,"2026-04-16 12:00:00",2
"Rolling Stones: Let it Bleed 50th anniversary","Physical Location","Pop / Rock",,,018771858416,,25.99,0,1,0,1,0,1,0,"2025-10-20 12:00:00",2
"Rolling Stones: Sticky Fingers","Physical Location","Pop / Rock",,,602508773143,,29.99,0,2,0,1,0,1,0,"2026-04-16 12:00:00",2
"Rolling Stones: Vault LA Forum 75","Physical Location","Pop / Rock",,,801213069590,,69.98,0,1,0,1,0,1,0,"2025-09-10 12:00:00",0
"Rolling Stones: Vault Leeds 82","Physical Location","Pop / Rock",,,801213074297,,64.98,0,1,0,1,0,1,0,"2025-09-10 12:00:00",0
"Rolling Stones: Voodoo Lounge Uncut","Physical Location","Pop / Rock",,,5034504169128,,50.99,0,1,0,1,0,1,0,"2025-09-10 12:00:00",0
"Roots: Do You Want More","Physical Location","Pop / Rock",,,888072633582,,64.98,0,0,0,1,0,1,0,"2025-11-05 12:00:00",0
"Roots: Do You Want More","Physical Location",HipHop,,,602547261298,,43.98,0,0,0,0,0,0,0,"2025-11-05 12:00:00",1
"Roots: Organix","Physical Location",HipHop,,,899123000062,,34.98,0,0,0,1,0,1,0,"2026-01-06 12:00:00",1
"Roots: The Tipping Point","Physical Location",HipHop,,,602577531958,,43.98,0,0,0,2,0,2,0,"2025-11-23 12:00:00",1
"Rose: Rosie (red vinyl)","Physical Location",R&B,,,075678598883,,27.98,0,0,0,1,0,1,0,"2025-10-07 12:00:00",0
"Rossini: The Barber of Seville","Physical Location",Classical,,,22667400564246,,49.99,0,0,0,1,0,1,0,"2025-12-16 12:00:00",0
"Ruby Amanfu: Standing Still","Physical Location",R&B,,,696859965838,,18.98,0,0,0,1,0,1,0,"2026-06-22 12:00:00",0
"Rufus Du Sol: Bloom","Physical Location",Electronic,,,9342977215515,,56.98,0,0,0,1,0,1,0,"2026-04-10 12:00:00",2
"Rush: 2112","Physical Location","Pop / Rock",,,602547116178,,29.99,0,0,0,1,0,1,0,"2025-12-08 12:00:00",3
"Rush: Feedback ","Physical Location","Pop / Rock",,,603497816552,,24.98,0,0,0,4,0,4,0,"2026-02-28 12:00:00",0
"Rush: Greatest Hits (cd)","Physical Location","Pop / Rock",,,044006333526,,13.95,0,0,0,1,0,1,0,"2026-03-08 12:00:00",1
"Rush: Moving Pictures","Physical Location","Pop / Rock",,,602547118080,,29.99,0,2,0,1,0,1,0,"2026-04-18 12:00:00",4
"Rush: Permanent Waves","Physical Location","Pop / Rock",,,602547118073,,29.99,0,0,0,1,0,1,0,"2025-11-11 12:00:00",2
"Rush: Snakes and Arrows","Physical Location","Pop / Rock",,,603497816545,,34.98,0,0,0,3,0,3,0,"2026-02-15 12:00:00",0
"Rush: Vapor Trails (remix)","Physical Location","Pop / Rock",,,603497816538,,39.98,0,0,0,2,0,2,0,"2026-01-18 12:00:00",2
"Ryan Adams: Easy Tiger","Physical Location",Indie,,,602517344105,,30.98,0,0,0,2,0,2,0,"2026-06-22 12:00:00",0
"Ryan Adams: Gold","Physical Location",Indie,,,008817023519,,32.99,0,0,0,0,0,0,0,"2026-06-22 12:00:00",1
"Sabrina Carpenter: Man's Best Friend (blue vinyl)","Physical Location","Pop / Rock",,,0602478316616,,32.99,0,0,0,2,0,2,0,"2025-12-08 12:00:00",0
"Sabrina Carpenter: Man's Best Friend (seafoam vinyl)","Physical Location","Pop / Rock",,,602478338274,,32.99,0,0,0,0,0,0,0,"2025-11-05 12:00:00",1
"Sabrina Carpenter: Short n Sweet deluxe (cd)","Physical Location","Pop / Rock",,,602475748274,,17.99,0,1,0,1,0,1,0,"2025-09-04 12:00:00",0
"Sabrina Carpenter: Short N' Sweet","Physical Location","Pop / Rock",,,0602475748274,,17.99,0,0,0,1,0,1,0,"2025-09-30 12:00:00",0
"Sade: Lovers Rock","Physical Location",R&B,,,196587848415,,34.98,0,0,0,3,0,3,0,"2026-06-09 12:00:00",0
"Sam Cooke: Portrait of a Legend","Physical Location",R&B,,,018771926412,,37.99,0,0,0,0,0,0,0,"2025-11-05 12:00:00",1
"Sam Cooke: The Best Of","Physical Location",R&B,,,190758749310,,23.98,0,0,0,1,0,1,0,"2025-11-18 12:00:00",1
"Santana: Abraxas","Physical Location","Pop / Rock",,,0888751942912,,25.98,0,0,0,0,0,0,0,"2026-04-18 12:00:00",2
"Santana: Moonflower (mofi)","Physical Location","Pop / Rock",,,196588994814,,59.99,0,1,0,0,0,0,0,"2025-09-10 12:00:00",1
"Santana: Santana (mofi)","Physical Location","Pop / Rock",,,888837245418,,59.99,0,1,0,1,0,1,0,"2026-06-22 12:00:00",1
"Santana: Santana III (mofi)","Physical Location","Pop / Rock",,,886919990515,,29.99,0,0,0,0,0,0,0,"2026-06-05 12:00:00",2
"Saturday Night Fever: Soundtrack","Physical Location",Soundtracks,,,602557393149,,32.99,0,3,0,3,0,3,0,"2025-09-03 12:00:00",0
"Scorpions: Love at First Sting","Physical Location",Metal,,,602547528049,,27.98,0,1,0,0,0,0,0,"2026-04-18 12:00:00",2
"Sex Pistols: Never Mind The Bollocks","Physical Location","Pop / Rock",,,0081227809416,,24.98,0,0,0,1,0,1,0,"2026-04-16 12:00:00",1
"Shaboozey: Where I've Been, Isn't Where I'm Going","Physical Location",Country,,,199316068207,,34.98,0,1,0,1,0,1,0,"2025-09-04 12:00:00",0
"Shadow of Intent: Elegy (colored vinyl)","Physical Location",Metal,,,44667053005,,34.98,0,0,0,4,0,4,0,"2026-06-05 12:00:00",0
"She Wants Revenge: She Wants Revenge","Physical Location",Indie,,,0600753957691,,50.98,0,0,0,1,0,1,0,"2025-10-20 12:00:00",0
"Sia: This is Acting","Physical Location","Pop / Rock",,,888751805514,,30.98,0,0,0,2,0,2,0,"2026-06-09 12:00:00",0
"Simon and Garfunkel: Bridge Over Troubled Water","Physical Location","Pop / Rock",,,190758749815,,29.98,0,0,0,1,0,1,0,"2026-06-22 12:00:00",1
"Simon and Garfunkel: Bridge Over Troubled Water (sacd)","Physical Location","Pop / Rock",,,821797148412,,34.98,0,2,0,3,0,3,0,"2025-09-29 12:00:00",0
"Simon and Garfunkel: Parsley, Sage, Rosemary and Thyme (mofi)","Physical Location","Pop / Rock",,,821797148412,,39.99,0,1,0,1,0,1,0,"2026-06-22 12:00:00",1
"Sinead O'Connor: So Far ","Physical Location","Pop / Rock",,,060516097234,,35.98,0,0,0,1,0,1,0,"2026-02-08 12:00:00",0
"Singles: Soundtrack","Physical Location",Soundtracks,,,0889853155118,,35.98,0,0,0,2,0,2,0,"2026-04-16 20:06:06",3
"Sinners: Soundtrack","Physical Location",Soundtracks,,,810155841126,,45.98,0,0,0,2,0,2,0,"2026-06-22 12:00:00",0
"Sisters of Mercy: The Floodland (mofi)","Physical Location","Pop / Rock",,,821797100212,,29.99,0,0,0,1,0,1,0,"2026-06-05 12:00:00",1
"Skinny Puppy: Too Dark Park","Physical Location","Pop / Rock",,,067003006811,,29.98,0,0,0,1,0,1,0,"2026-06-09 12:00:00",0
"Skirt: Special","Physical Location","Pop / Rock",,,4524135267696,,39.98,0,0,0,2,0,2,0,"2026-02-28 12:00:00",0
"Slayer: Reign in Blood","Physical Location",Metal,,,602537467907,,29.99,0,0,0,0,0,0,0,"2026-04-18 12:00:00",2
"Slayer: South of Heaven","Physical Location",Metal,,,602537467921,,27.98,0,0,0,0,0,0,0,"2025-10-12 12:00:00",1
"Sleater Kinney: All Hands on the Bad One","Physical Location","Pop / Rock",,,711071,,24.98,0,0,0,1,0,1,0,"2026-06-11 12:00:00",0
"Sleater Kinney: Dig Me Out","Physical Location",Indie,,,711051,,24.98,0,0,0,3,0,3,0,"2026-06-10 12:00:00",2
"Sleater Kinney: Sleater Kinney","Physical Location",Indie,,,711031,,24.98,0,0,0,1,0,1,0,"2026-04-10 12:00:00",0
"Sleater Kinney: The Hot Rock","Physical Location",Indie,,,711061,,24.98,0,0,0,1,0,1,0,"2026-04-10 12:00:00",0
"Sleep Token: Take Me Back to Eden","Physical Location",Metal,,,602445491025,,38.98,0,2,0,1,0,1,0,"2025-10-31 12:00:00",3
"Slipknot: All Hope is Gone (cd)","Physical Location",Metal,,,016861793821,,14.98,0,0,0,1,0,1,0,"2025-10-11 12:00:00",0
"Slipknot: Vol. 3 The Subliminal Verses (violet vinyl)","Physical Location",Metal,,,075678645730,,29.98,0,0,0,0,0,0,0,"2026-04-18 12:00:00",2
"Smashing Pumpkins: Gish","Physical Location","Pop / Rock",,,199957244329,,32.98,0,0,0,2,0,2,0,"2026-07-02 12:00:00",0
"Smashing Pumpkins: Mellon Collie (cd)","Physical Location","Pop / Rock",,,099997855323,,19.98,0,0,0,0,0,0,0,"2025-11-15 12:00:00",1
"Smashing Pumpkins: Mellon Collie (used lp)","Physical Location","Pop / Rock",,,874234985,,149.99,0,0,0,0,0,0,0,"2025-09-29 12:00:00",1
"Smashing Pumpkins: Melon Collie (2 used cds)","Physical Location",Unassigned,,,724384086121724,,19.99,0,0,0,0,0,0,0,"2026-01-10 12:00:00",1
"Smashing Pumpkins: Siamese Dream","Physical Location","Pop / Rock",,,5099967928910,,48.98,0,0,0,1,0,1,0,"2026-07-02 00:00:00",7
"Smashing Pumpkins: Siamese Dream (cd)","Physical Location","Pop / Rock",,,5099967929726,,13.95,0,0,0,1,0,1,0,"2025-12-08 12:00:00",0
"Smashing Pumpkins: The Machina","Physical Location","Pop / Rock",,,602478007439,,39.98,0,0,0,1,0,1,0,"2025-09-30 12:00:00",0
"Smile: Cutouts","Physical Location","Pop / Rock",,,191404144510,,29.98,0,0,0,1,0,1,0,"2025-10-27 12:00:00",0
"Smile: The Wall of Eyes","Physical Location","Pop / Rock",,,191404139417,,29.98,0,0,0,1,0,1,0,"2025-10-27 12:00:00",0
"Smiths: Hatfull of Hollow","Physical Location","Pop / Rock",,,825646658824,,24.98,0,0,0,1,0,1,0,"2026-04-18 12:00:00",3
"Snoop Dog: DoggyStyle","Physical Location",HipHop,,,617513802108,,34.98,0,0,0,1,0,1,0,"2025-12-20 12:00:00",1
"Snoop Doggy Dogg: Doggfather (colored vinyl)","Physical Location",HipHop,,,850079803039,,34.98,0,0,0,1,0,1,0,"2026-01-18 12:00:00",1
"Snoop Doggy Dogg: Doggystyle","Physical Location",HipHop,,,617513802108,,34.98,0,0,0,2,0,2,0,"2025-12-19 12:00:00",0
"Snoop Doggy Dogg: Doggystyle (cd)","Physical Location",HipHop,,,617513956436,,15.98,0,0,0,1,0,1,0,"2025-12-19 12:00:00",0
"SNW Sticker","Physical Location",Unassigned,,,6767676767,,4.95,0,0,0,791,0,791,0,"2025-12-18 00:00:00",34
"Soft Cell: Non Stop Erotic Cabaret (2 LP)","Physical Location","Pop / Rock",,,0602455438331,,39.98,0,0,0,1,0,1,0,"2026-01-06 12:00:00",1
"Sombr: Barely Know Her","Physical Location",Indie,,,0093624827511,,24.98,0,0,0,1,0,1,0,"2026-01-18 12:00:00",1
"Sombr: Barely Know Her (cd)","Physical Location","Pop / Rock",,,093624827702,,14.98,0,0,0,1,0,1,0,"2026-03-08 12:00:00",1
"Sonny Stitt: Blows the Blues","Physical Location",Jazz,,,602465124576,,38.98,0,0,0,1,0,1,0,"2025-11-05 12:00:00",0
"Sophie Mutter-Anne: Bach","Physical Location",Classical,,,5021732637482,,24.98,0,0,0,1,0,1,0,"2025-09-30 12:00:00",0
"Sophie: PRODUCT","Physical Location",Electronic,,,5060163492215,,38.98,0,0,0,1,0,1,0,"2025-10-20 12:00:00",0
"Soul Media: Memory Lane","Physical Location",Jazz,,,4549767347967,,47.98,0,1,0,0,0,0,0,"2025-12-28 12:00:00",1
"Soundgarden: Artists Den","Physical Location","Pop / Rock",,,602577632129,,89.98,0,1,0,4,0,4,0,"2025-10-10 12:00:00",1
"Soundgarden: Badmotorfinger","Physical Location","Pop / Rock",,,602557141580,,27.98,0,2,0,2,0,2,0,"2025-10-21 12:00:00",2
"Soundgarden: Louder Than Love","Physical Location","Pop / Rock",,,602547924452,,30.98,0,0,0,1,0,1,0,"2026-04-16 12:00:00",1
"Soundgarden: Screaming Life/Fopp","Physical Location","Pop / Rock",,,098787106510,,29.98,0,0,0,1,0,1,0,"2026-01-06 12:00:00",1
"Soundgarden: Screaming Life/Fopp (cassette)","Physical Location","Pop / Rock",,,0098787106541,,10.98,0,0,0,0,0,0,0,"2025-12-14 12:00:00",2
"Soundgarden: Superunknown","Physical Location","Pop / Rock",,,0602537789818,,37.99,0,0,0,1,0,1,0,"2025-12-24 12:00:00",5
"Soundgarden: Ultramega OK","Physical Location","Pop / Rock",,,711721,,29.98,0,0,0,2,0,2,0,"2026-05-22 12:00:00",1
"Spinners: Spinners (mofi)","Physical Location",R&B,,,821797145015,,39.99,0,1,0,1,0,1,0,"2025-09-10 12:00:00",0
"Split Chain: Motionblur","Physical Location","Pop / Rock",,,045778809615,,23.98,0,1,0,1,0,1,0,"2025-09-03 12:00:00",0
"Steeler: Come Hell Or Hollywood (cd)","Physical Location","Pop / Rock",,,601218181007,,14.98,0,0,0,1,0,1,0,"2025-10-01 12:00:00",0
"Steely Dan: AJA","Physical Location","Pop / Rock",,,602445359639,,29.99,0,0,0,1,0,1,0,"2026-04-16 12:00:00",1
"Steely Dan: Can't Buy a Thrill","Physical Location","Pop / Rock",,,0602445406524,,29.99,0,0,0,0,0,0,0,"2026-04-16 12:00:00",2
"Steely Dan: Gaucho","Physical Location","Pop / Rock",,,60244523636,,29.99,0,0,0,4,0,4,0,"2025-10-04 12:00:00",3
"Steely Dan: Gaucho (cd)","Physical Location","Pop / Rock",,,008811205522,,13.95,0,0,0,1,0,1,0,"2025-10-04 12:00:00",0
"Steely Dan: Gaucho (sacd)","Physical Location","Pop / Rock",,,753088014062,,35.98,0,0,0,0,0,0,0,"2025-09-30 12:00:00",1
"Steely Dan: Pretzel Logic","Physical Location","Pop / Rock",,,602445332311,,29.99,0,0,0,0,0,0,0,"2026-03-07 12:00:00",2
"Steely Dan: The Royal Scam (sacd)","Physical Location","Pop / Rock",,,753088013867,,35.98,0,0,0,0,0,0,0,"2025-09-30 12:00:00",1
"Steely Dan: Two Against Nature (AP)","Physical Location","Pop / Rock",,,753088014178,,60.98,0,0,0,0,0,0,0,"2025-09-30 12:00:00",1
"Steve Perry: Street Talk (used cd)","Physical Location","Pop / Rock",,,7464393342,,7.5,0,0,0,1,0,1,0,"2025-09-12 12:00:00",0
"Stevie Nicks: Bella Donna","Physical Location","Pop / Rock",,,603497813193,,39.98,0,0,0,0,0,0,0,"2025-10-25 12:00:00",1
"Stevie Nicks: Bella Donna (sacd)","Physical Location","Pop / Rock",,,821797230162,,34.99,0,0,0,1,0,1,0,"2026-04-10 12:00:00",0
"Stevie Wonder: Songs in the Key of Life","Physical Location",R&B,,,600753164228,,45.98,0,1,0,0,0,0,0,"2025-10-04 12:00:00",3
"Stone Temple Pilots: Core","Physical Location","Pop / Rock",,,603497845651,,24.98,0,1,0,2,0,2,0,"2026-05-28 12:00:00",5
"Stone Temple Pilots: Purple","Physical Location","Pop / Rock",,,603497845743,,24.98,0,2,0,0,0,0,0,"2026-04-16 12:00:00",3
"Stone Temple Pilots: Tiny Music (mofi)","Physical Location","Pop / Rock",,,821797259316,,78.98,0,1,0,1,0,1,0,"2025-09-03 12:00:00",0
"Stone Temple Pilots: Tiny Music (sacd)","Physical Location","Pop / Rock",,,821797229463,,34.99,0,1,0,3,0,3,0,"2025-09-29 12:00:00",0
"Stranger Things: Season 1 & 2 Soundtrack","Physical Location",Soundtracks,,,889854809010,,25.98,0,3,1,4,0,4,0,"2026-03-29 12:00:00",6
"Stranger Things: Season 4 Soundtrack","Physical Location",Soundtracks,,,196587001018,,39.98,0,1,0,1,0,1,0,"2025-10-31 12:00:00",1
"Stranger Things: Season 5 Soundtrack","Physical Location",Soundtracks,,,198029732214,,24.98,0,0,0,2,0,2,0,"2026-03-29 12:00:00",0
"Stray Kids: Karma (clear vinyl)","Physical Location","Pop / Rock",,,198704485473,,29.99,0,0,0,2,0,2,0,"2026-03-29 12:00:00",0
"Strokes: Is This It","Physical Location","Pop / Rock",,,07863680514,,22.98,0,0,0,2,0,2,0,"2026-07-02 12:00:00",4
"Strokes: Is This It (international cover red vinyl)","Physical Location","Pop / Rock",,,0196588016912,,32.98,0,1,0,0,0,0,0,"2025-09-29 12:00:00",2
"Studebaker Avanti Boombox (red)","Physical Location",Accessories,,,0077283011672,,249.99,0,0,0,1,0,1,0,"2025-11-18 12:00:00",0
"Studebaker Retro CD Player (black)","Physical Location",Accessories,,,0077283017254,,79.99,0,1,1,-1,0,-1,0,"2026-02-27 13:24:47",2
"Studebaker Retro CD Player (blue)","Physical Location",Accessories,,,0077283012716,,79.99,0,0,0,0,0,0,0,"2025-11-10 12:00:00",1
"Studebaker Retro CD Player (rose gold)","Physical Location",Accessories,,,0077283017285,,79.99,0,0,0,1,0,1,0,"2025-11-10 12:00:00",1
"Studebaker Sound Station Boombox (gray/silver)","Physical Location",Accessories,,,0077283062124,,249.99,0,0,0,1,0,1,0,"2025-11-10 12:00:00",0
"Sublime: Until the Sun","Physical Location","Pop / Rock",,,075678591037,,34.98,0,0,0,1,0,1,0,"2026-07-02 12:00:00",0
"Sufjan Stevens: Carrie & Lowell","Physical Location",Indie,,,656605609911,,23.98,0,0,0,2,0,2,0,"2026-06-09 12:00:00",0
"Summer Drive Chillout Breeze","Physical Location",Jazz,,,4580278269225,,48.98,0,0,0,1,0,1,0,"2025-09-30 12:00:00",0
"Sunny Day Real Estate: Diary (expanded)","Physical Location","Pop / Rock",,,098787084610,,29.98,0,0,0,2,0,2,0,"2026-04-10 12:00:00",2
"Sunny Day Real Estate: How it Feels to Be Something","Physical Location","Pop / Rock",,,098787040913,,24.98,0,0,0,0,0,0,0,"2025-10-12 12:00:00",1
"Superdrag: Regretfully Yours","Physical Location","Pop / Rock",,,081227811648,,24.98,0,1,0,1,0,1,0,"2025-09-04 12:00:00",0
"Supertramp: Breakfast in America","Physical Location","Pop / Rock",,,075021370814,,29.99,0,0,0,2,0,2,0,"2026-04-18 12:00:00",0
"Supertramp: Breakfast in America (sacd)","Physical Location","Pop / Rock",,,82179718962,,34.98,0,0,0,1,0,1,0,"2026-02-28 12:00:00",0
"Sven Wunder: Natura Morta","Physical Location",Jazz,,,320470255308,,26.98,0,0,0,0,0,0,0,"2026-05-28 12:00:00",1
"System of a Down: System of a Down","Physical Location",Metal,,,190758655819,,22.98,0,0,0,0,0,0,0,"2025-10-25 12:00:00",1
"System of a Down: Toxicity","Physical Location",Metal,,,190758655918,,22.98,0,1,1,0,0,0,0,"2026-04-18 12:00:00",3
"System of a Down: Toxicity (cd)","Physical Location",Metal,,,0074646224021,,9.99,0,0,0,0,0,0,0,"2026-04-18 12:00:00",2
"SZA: CTRL","Physical Location","Pop / Rock",,,889854491918,,25.98,0,1,0,1,0,1,0,"2026-01-06 12:00:00",3
"SZA: SOS","Physical Location","Pop / Rock",,,196587792114,,35.98,0,1,0,1,0,1,0,"2026-04-16 12:00:00",3
"Taeko Onuki: Sunshower (clear purple)","Physical Location","Pop / Rock",,,4988007315203,,40.98,0,0,0,0,0,0,0,"2025-10-14 12:00:00",1
"Takashi Mizuhashi: One Tuesday In New York","Physical Location",Jazz,,,549767307879,,44.98,0,0,0,2,0,2,0,"2026-03-09 12:00:00",2
"Talk Talk: Spirit of Eden","Physical Location","Pop / Rock",,,5099932778717,,30.99,0,0,0,1,0,1,0,"2025-12-15 12:00:00",1
"Talking Heads: Remain Light","Physical Location","Pop / Rock",,,081227080211,,24.98,0,0,0,1,0,1,0,"2026-03-08 12:00:00",1
"Tame Impala: Currents","Physical Location","Pop / Rock",,,0602547306777,,32.99,0,1,1,2,0,2,0,"2026-05-28 12:00:00",9
"Tame Impala: Currents (cd)","Physical Location",Indie,,,0602547306760,,13.99,0,0,0,1,0,1,0,"2026-05-28 12:00:00",4
"Tame Impala: Deadbeat","Physical Location",Indie,,,198029560015,,38.98,0,0,0,2,0,2,0,"2026-06-22 12:00:00",0
"Tame Impala: Deadbeat (cd)","Physical Location",Indie,,,0198029800425,,14.97,0,0,0,1,0,1,0,"2025-10-21 12:00:00",2
"Tame Impala: Deadbeat (indie exclusive color)","Physical Location","Pop / Rock",,,198029781618,,42.98,0,3,1,0,0,0,0,"2025-10-17 00:00:00",8
"Tame Impala: Innerspeaker (import)","Physical Location",Indie,,,602537952991,,37.99,0,0,0,1,0,1,0,"2025-12-19 12:00:00",0
"Tame Impala: Lonerism","Physical Location","Pop / Rock",,,602537119967,,32.99,0,0,0,1,0,1,0,"2026-03-29 12:00:00",2
"Tame Impala: The Slow Rush","Physical Location","Pop / Rock",,,602577579561,,39.98,0,1,0,2,0,2,0,"2026-03-29 12:00:00",3
"Tate Mcrae: One Day","Physical Location","Pop / Rock",,,0067003175210,,28.98,0,0,0,1,0,1,0,"2025-12-08 12:00:00",0
"Tate Mcrae: So Close to What (cd)","Physical Location","Pop / Rock",,,0198028850827,,11.96,0,0,0,1,0,1,0,"2025-12-08 12:00:00",0
"Tatsuro Yamashita: Big Wave","Physical Location",Soundtracks,,,4943674404414,,46.98,0,0,0,2,0,2,0,"2026-06-05 12:00:00",1
"Taylor Swift: 1989 Taylor's Version","Physical Location","Pop / Rock",,,602455542144,,39.98,0,2,0,0,0,0,0,"2025-09-04 12:00:00",2
"Taylor Swift: Folklore","Physical Location","Pop / Rock",,,602435034881,,32.99,0,1,1,0,0,0,0,"2025-09-29 12:00:00",6
"Taylor Swift: Lover","Physical Location","Pop / Rock",,,602455556301,,32.99,0,1,0,0,0,0,0,"2025-09-04 12:00:00",1
"Taylor Swift: The Life of a Showgirl (cd)","Physical Location","Pop / Rock",,,602478372049,,15.98,0,1,1,8,0,8,0,"2025-10-03 12:00:00",2
"Taylor Swift: The Life of a Showgirl (orange glitter)","Physical Location","Pop / Rock",,,602478225260,,36.98,0,0,0,13,0,13,0,"2025-10-03 00:00:00",6
"Taylor Swift: The Tortured Poet's Department (beige vinyl)","Physical Location","Pop / Rock",,,602458933345,,45.99,0,2,0,1,0,1,0,"2025-09-04 12:00:00",1
"Taylor Swift: The Tortured Poet's Department (clear vinyl)","Physical Location","Pop / Rock",,,602458933369,,45.99,0,2,0,1,0,1,0,"2025-09-04 12:00:00",1
"Tears For Fears: Rule The World","Physical Location","Pop / Rock",,,600753802885,,37.99,0,3,1,2,0,2,0,"2026-03-29 12:00:00",7
"Tears For Fears: Shout","Physical Location","Pop / Rock",,,600753579046,,16.98,0,0,0,1,0,1,0,"2025-10-07 12:00:00",1
"Tears For Fears: Songs From the Big Chair","Physical Location","Pop / Rock",,,602537949953,,29.99,0,2,0,0,0,0,0,"2026-03-08 12:00:00",4
"Tears for Fears: The Hurting","Physical Location","Pop / Rock",,,602577683114,,32.99,0,2,0,0,0,0,0,"2025-09-03 12:00:00",2
"Ted Nugent: Free For All (collector's)","Physical Location","Pop / Rock",,,195140110336,,48.98,0,0,0,0,0,0,0,"2025-09-10 12:00:00",1
"Teddy Swims: I've Tried Everything But Therapy Complete Edition","Physical Location",R&B,,,0093624827832,,69.98,0,0,0,6,0,6,0,"2025-11-29 12:00:00",1
"Teddy Swims: I've Tried Everything But Therapy Part 2 (cd)","Physical Location",R&B,,,0093624853138,,14.98,0,0,0,1,0,1,0,"2025-11-29 12:00:00",0
"Television: Marquee Moon","Physical Location","Pop / Rock",,,801227811556,,39.98,0,1,0,0,0,0,0,"2026-04-18 12:00:00",2
"Temple of the Dog: Temple of the Dog","Physical Location","Pop / Rock",,,0602557136814,,27.98,0,0,0,1,0,1,0,"2026-05-28 21:20:31",3
"Terry Reid: Terry Reid","Physical Location",Jazz,,,5060672889544,,27.99,0,0,0,0,0,0,0,"2025-09-30 12:00:00",1
"The Band: Last Waltz","Physical Location","Pop / Rock",,,0603497832606,,64.98,0,1,1,3,0,3,0,"2026-07-02 12:00:00",4
"The Cars: The Cars (mofi)","Physical Location","Pop / Rock",,,821797127417,,39.99,0,1,0,0,0,0,0,"2025-09-10 12:00:00",1
"The Cars: The Cars (rhino)","Physical Location","Pop / Rock",,,081227811099,,39.98,0,2,2,1,0,1,0,"2025-09-24 12:00:00",3
"The Cars: The Cars (sacd)","Physical Location","Pop / Rock",,,821797216265,,34.98,0,1,0,0,0,0,0,"2025-09-10 12:00:00",1
"The Deniers: Corona Avant Garde","Physical Location",Metal,,,723450146,,25.98,0,0,0,1,0,1,0,"2025-10-07 12:00:00",0
"The Gits: Enter the Conquering Chicken (color vinyl)","Physical Location","Pop / Rock",,,716490,,26.98,0,0,0,1,0,1,0,"2026-05-04 12:00:00",0
"The Gits: Etcetra [RSD]","Physical Location","Pop / Rock",,,716820,,24.98,0,0,0,3,0,3,0,"2026-04-10 12:00:00",0
"The Gits: Frenching The Bully (white vinyl)","Physical Location","Pop / Rock",,,98787164831,,25.98,0,0,0,1,0,1,0,"2026-04-10 12:00:00",2
"The Head Or The Heart: Let's Be Still (gold vinyl)","Physical Location",Indie,,,710605,,29.98,0,0,0,1,0,1,0,"2026-04-10 12:00:00",0
"The Magnificent Thad Jones: Blue Note","Physical Location",Jazz,,,0602458807820,,27.98,0,0,0,2,0,2,0,"2025-11-11 12:00:00",1
"The Marias: Superclean vol. 1","Physical Location","Pop / Rock",,,750958013118,,35.98,0,0,0,0,0,0,0,"2025-10-14 12:00:00",1
"The Operatives: Walk Hard (7 inch)","Physical Location",HipHop,,,60013490200001,,14.99,0,0,0,2,0,2,0,"2026-05-08 00:00:00",1
"The Police: GH (cd)","Physical Location","Pop / Rock",,,731454003025,,13.99,0,0,0,1,0,1,0,"2026-06-09 12:00:00",0
"The Police: Ghost in the Machine","Physical Location","Pop / Rock",,,602508046155,,27.98,0,2,0,1,0,1,0,"2025-09-04 12:00:00",1
"The Police: Greatest Hits","Physical Location","Pop / Rock",,,602445569250,,37.99,0,0,0,0,0,0,0,"2026-03-29 12:00:00",1
"The Police: Outlandos D'Amour","Physical Location","Pop / Rock",,,082839475310,,39.99,0,0,0,0,0,0,0,"2025-10-12 12:00:00",2
"The Police: Regatta de Blanc","Physical Location","Pop / Rock",,,602508046087,,27.98,0,1,0,1,0,1,0,"2025-09-04 12:00:00",0
"The Police: Synchronicity","Physical Location","Pop / Rock",,,0602508046117,,27.98,0,0,0,1,0,1,0,"2026-01-06 12:00:00",0
"The Police: Zenyatta Mondatta","Physical Location","Pop / Rock",,,602508046131,,27.98,0,1,0,1,0,1,0,"2025-09-04 12:00:00",0
"The Postal Service: Give Up","Physical Location",Indie,,,88705951,,24.98,0,0,0,2,0,2,0,"2026-05-04 12:00:00",3
"The Postal Service: Give Up (cassette) ","Physical Location",Indie,,,88705954,,10.98,0,0,0,0,0,0,0,"2026-05-22 12:00:00",3
"The Shins: Chutes Too Narrow (20th anniversary)","Physical Location",Indie,,,88715701,,26.98,0,0,0,5,0,5,0,"2026-05-22 12:00:00",1
"The Shins: Chutes Too Narrow (cassette)","Physical Location",Indie,,,706254,,10.98,0,0,0,1,0,1,0,"2026-06-10 12:00:00",2
"The Shins: Chutes Too Narrow (cd)","Physical Location",Indie,,,88715702,,13.98,0,0,0,1,0,1,0,"2026-02-22 12:00:00",0
"The Shins: Oh Inverted World (20th anniversary)","Physical Location",Indie,,,88714151,,24.98,0,0,0,5,0,5,0,"2026-06-10 12:00:00",5
"The Shins: Oh Inverted World (cassette)","Physical Location",Indie,,,88714154,,10.98,0,0,0,1,0,1,0,"2026-03-21 12:00:00",1
"The Shins: Oh Inverted World (cd)","Physical Location",Indie,,,88714152,,13.98,0,0,0,1,0,1,0,"2026-02-22 12:00:00",0
"The Shins: Wincing The Night Away","Physical Location",Indie,,,707051,,24.98,0,0,0,2,0,2,0,"2026-05-22 12:00:00",2
"The Shins: Wincing The Night Away (cassette)","Physical Location",Indie,,,707054,,10.98,0,0,0,1,0,1,0,"2026-03-21 12:00:00",0
"The Shins: Wincing The Night Away (cd)","Physical Location",Indie,,,707052,,13.98,0,0,0,1,0,1,0,"2026-06-11 12:00:00",0
"The Strokes: New Abnormal","Physical Location","Pop / Rock",,,194397058819,,25.98,0,0,0,0,0,0,0,"2026-03-07 12:00:00",1
"The Weeknd: Hurry Up Tomorrow","Physical Location","Pop / Rock",,,602478075865,,45.99,0,1,0,1,0,1,0,"2025-09-04 12:00:00",0
"The Who: Tommy","Physical Location","Pop / Rock",,,602537157495,,37.99,0,1,0,1,0,1,0,"2025-10-21 12:00:00",1
"The Who: Who's Next","Physical Location","Pop / Rock",,,0602435852201,,35.98,0,0,0,1,0,1,0,"2025-09-30 12:00:00",0
"Thee oh Sees: The Master's Bedroom","Physical Location",Indie,,,0759718518719,,24.98,0,0,0,1,0,1,0,"2025-10-20 12:00:00",0
"Thelonious Monk: Live in Paris Vol. 1","Physical Location",Jazz,,,736373969223,,29.99,0,0,0,1,0,1,0,"2026-06-22 12:00:00",0
"Thelonious Monk: Live in Paris Vol. 1","Physical Location",R&B,,,821797152518,,39.99,0,0,0,2,0,2,0,"2026-06-22 12:00:00",0
"Thelonious Monk: London 2","Physical Location",Jazz,,,0711504702312,,33.98,0,0,0,0,0,0,0,"2025-09-30 12:00:00",1
"Thievery Corporation: Cosmic Games","Physical Location","Pop / Rock",,,792755870969,,34.98,0,0,0,0,0,0,0,"2025-09-30 12:00:00",1
"Thin Lizzy: Jailbreak","Physical Location","Pop / Rock",,,602508026317,,29.99,0,1,0,1,0,1,0,"2025-12-14 12:00:00",3
"Thompson Twins: Industry","Physical Location","Pop / Rock",,,099964186772,,39.98,0,0,0,1,0,1,0,"2026-07-02 12:00:00",0
"Three Days Grace: One-X","Physical Location","Pop / Rock",,,889853460212,,22.98,0,0,0,1,0,1,0,"2025-10-25 12:00:00",0
"Title Fight: Floral Green","Physical Location","Pop / Rock",,,0603967150919,,32.99,0,1,1,1,0,1,0,"2026-07-02 12:00:00",3
"Title Fight: Shed","Physical Location","Pop / Rock",,,0603967144116,,29.98,0,0,0,1,0,1,0,"2025-10-20 12:00:00",0
"Todd Rundgren: A Wizard, A True Star (blue vinyl)","Physical Location","Pop / Rock",,,829421821335,,59.98,0,0,0,0,0,0,0,"2025-11-05 12:00:00",1
"Tom Petty: Damn the Torpedoes","Physical Location","Pop / Rock",,,602547658302,,29.99,0,1,0,1,0,1,0,"2026-03-07 12:00:00",1
"Tom Petty: Damn the Torpedoes (cd)","Physical Location","Pop / Rock",,,602527514161,,13.95,0,1,0,1,0,1,0,"2025-09-04 12:00:00",0
"Tom Petty: Full Moon Fever","Physical Location","Pop / Rock",,,602547658593,,29.99,0,1,0,1,0,1,0,"2025-12-14 12:00:00",2
"Tom Petty: Into the Great Wide Open","Physical Location","Pop / Rock",,,602547658647,,29.99,0,1,0,1,0,1,0,"2025-12-24 12:00:00",4
"Tom Petty: Mojo","Physical Location","Pop / Rock",,,0093624852698,,34.98,0,0,0,1,0,1,0,"2025-09-30 12:00:00",0
"Tom Petty: Wildflowers (used cd)","Physical Location",Unassigned,,,1062604575929,,7.5,0,0,0,0,0,0,0,"2026-01-10 12:00:00",1
"Tom Petty: Wildflowers (used cd)","Physical Location",Unassigned,,,3300915054694,,9.99,0,0,0,0,0,0,0,"2026-01-10 12:00:00",1
"Tony Ann: 360 (cd)","Physical Location","Pop / Rock",,,602475255703,,16.98,0,0,0,1,0,1,0,"2026-06-09 12:00:00",0
"Tool: Fear Inoculum","Physical Location","Pop / Rock",,,194399502013,,70.98,0,1,0,2,0,2,0,"2026-04-18 12:00:00",3
"Tool: Lateralus","Physical Location","Pop / Rock",,,614223116013,,51.98,0,1,1,0,0,0,0,"2025-11-11 12:00:00",3
"Tool: Undertow (re-issue)","Physical Location",Metal,,,614223105215,,29.98,0,0,0,0,0,0,0,"2025-10-12 12:00:00",1
"Top Gun Maverick: Soundtrack","Physical Location",Soundtracks,,,602445970735,,29.99,0,0,0,1,0,1,0,"2025-09-30 12:00:00",0
"Top Gun: Soundtrack","Physical Location",Soundtracks,,,888751209718,,22.98,0,1,0,0,0,0,0,"2026-03-08 12:00:00",2
"Tori Amos: Little Earthquakes","Physical Location","Pop / Rock",,,0603497839049,,34.98,0,0,0,1,0,1,0,"2025-12-19 20:08:39",1
"Toto: Hydra","Physical Location","Pop / Rock",,,190758011011,,22.98,0,0,0,1,0,1,0,"2026-04-16 12:00:00",0
"Toto: Toto IV","Physical Location","Pop / Rock",,,190758011219,,25.98,0,0,0,1,0,1,0,"2026-04-16 12:00:00",2
"Townes Van Zandt: Live at the Old Quarter","Physical Location",Country,,,0767981111810,,30.98,0,0,0,1,0,1,0,"2026-03-08 12:00:00",1
"Townes Van Zandt: Townes Van Zandt","Physical Location",Country,,,0767981108315,,23.98,0,0,0,1,0,1,0,"2025-12-22 12:00:00",3
"Toxik: World Circus","Physical Location",Metal,,,4028466924414,,39.98,0,0,0,3,0,3,0,"2026-02-15 12:00:00",0
"Tracy Chapman: Tracy Chapman (cd)","Physical Location","Pop / Rock",,,0075596077422,,9.98,0,0,0,1,0,1,0,"2025-12-15 12:00:00",0
"Train: Drops of Jupiter (sacd)","Physical Location","Pop / Rock",,,196588646225,,34.98,0,1,0,1,0,1,0,"2025-09-10 12:00:00",0
"Traveling Wilburys: Traveling Wilburys Collection (cd)","Physical Location","Pop / Rock",,,888072395152,,24.98,0,1,0,1,0,1,0,"2025-10-12 12:00:00",2
"Travis Scott: Astroworld","Physical Location",HipHop,,,190758883618,,30.98,0,2,0,0,0,0,0,"2025-09-04 12:00:00",2
"Travis Scott: Utopia","Physical Location",HipHop,,,196588460319,,43.98,0,1,0,1,0,1,0,"2026-03-07 12:00:00",1
"Tribe Called Quest: Low End","Physical Location",HipHop,,,012414141811,,35.98,0,0,0,1,0,1,0,"2026-02-08 12:00:00",0
"True Romance","Physical Location",Soundtracks,,,848064020387,,29.98,0,0,0,2,0,2,0,"2026-02-15 12:00:00",1
"Turnstile: Never Enough","Physical Location","Pop / Rock",,,075678601392,,27.98,0,1,0,1,0,1,0,"2025-10-10 12:00:00",3
"Twisted Sister: Hammerheads 1980 (purple marble)","Physical Location","Pop / Rock",,,889466700910,,39.98,0,0,0,4,0,4,0,"2026-02-28 12:00:00",0
"Tyler the Creator: Call Me if You Get Lost","Physical Location",HipHop,,,194399166413,,30.98,0,2,0,1,0,1,0,"2025-09-04 12:00:00",1
"Tyler the Creator: Cherry Bomb","Physical Location",HipHop,,,196588243318,,40.98,0,0,0,1,0,1,0,"2026-04-18 12:00:00",1
"Tyler The Creator: Chromakopia (cd)","Physical Location",HipHop,,,0198029264722,,15.97,0,0,0,1,0,1,0,"2026-05-28 12:00:00",1
"Tyler The Creator: Chromakopia (white vinyl)","Physical Location",HipHop,,,198029264616,,40.98,0,0,0,2,0,2,0,"2026-04-16 12:00:00",3
"Tyler the Creator: Igor","Physical Location",HipHop,,,190759652213,,27.98,0,2,0,1,0,1,0,"2025-10-10 12:00:00",6
"U2: Achtung Baby","Physical Location","Pop / Rock",,,602557970098,,37.99,0,0,0,1,0,1,0,"2026-05-26 12:00:00",2
"U2: All That You Can't Leave","Physical Location","Pop / Rock",,,0602435592947,,53.99,0,0,0,2,0,2,0,"2026-06-06 12:00:00",1
"U2: Songs of Surrender","Physical Location","Pop / Rock",,,602448386762,,45.99,0,0,0,2,0,2,0,"2026-06-22 12:00:00",0
"U2: The Joshua Tree","Physical Location","Pop / Rock",,,602557498448,,37.99,0,2,0,1,0,1,0,"2025-10-10 00:00:00",5
"United States of Electronica: USE","Physical Location","Pop / Rock",,,9928487276,,29.98,0,0,0,4,0,4,0,"2026-03-02 12:00:00",0
"Used cd","Physical Location",Unassigned,,,001278557693328,,7.99,0,0,0,56,0,56,0,"2025-12-31 12:00:00",44
"Used cd: Bargain Bin","Physical Location",Unassigned,,,099746845237922,,3.99,0,0,0,-35,0,-35,0,"2026-05-02 19:24:55",76
"Used Vinyl (Dark Blue Tag)","Physical Location",Unassigned,,,,,20,0,0,0,0,0,0,0,"2026-04-15 19:11:33",0
"Used Vinyl (Gold Tag)","Physical Location",Unassigned,,,,,8,0,0,0,-10,0,-10,0,"2026-04-15 13:59:01",10
"Used Vinyl (Orange Tag)","Physical Location",Unassigned,,,,,10,0,0,0,-11,0,-11,0,"2026-04-15 13:59:22",11
"Used Vinyl (Purple Tag)","Physical Location",Unassigned,,,,,15,0,0,0,-12,0,-12,0,"2026-04-15 13:59:54",12
"Used Vinyl (Teal Tag)","Physical Location",Unassigned,,,,,25,0,0,0,-2,0,-2,0,"2026-04-15 19:12:03",2
"Used Vinyl (Yellow Tag)","Physical Location",Unassigned,,,,,5,0,0,0,-10,0,-10,0,"2026-04-15 13:58:19",10
"Van Halen: 1984","Physical Location","Pop / Rock",,,0081227955267,,24.98,0,0,0,1,0,1,0,"2026-05-28 12:00:00",1
"Van Halen: 1984 (sacd)","Physical Location","Pop / Rock",,,21797224864,,34.99,0,0,0,2,0,2,0,"2026-06-05 12:00:00",0
"Van Halen: Diver Down","Physical Location","Pop / Rock",,,081227955007,,24.98,0,0,0,1,0,1,0,"2026-05-28 12:00:00",1
"Van Halen: Diver Down (sacd)","Physical Location","Pop / Rock",,,821797224765,,34.99,0,0,0,1,0,1,0,"2025-11-18 12:00:00",0
"Van Halen: Fair Warning","Physical Location","Pop / Rock",,,0081227954987,,24.98,0,0,0,0,0,0,0,"2025-10-20 12:00:00",1
"Van Halen: Fair Warning (one step)","Physical Location","Pop / Rock",,,821797203524,,125,0,0,0,1,0,1,0,"2025-09-30 12:00:00",0
"Van Halen: Van Halen","Physical Location","Pop / Rock",,,0081227955250,,24.98,0,0,0,1,0,1,0,"2025-11-15 12:00:00",2
"Van Halen: VHII","Physical Location","Pop / Rock",,,0081227954932,,24.98,0,0,0,1,0,1,0,"2025-10-20 12:00:00",0
"Van Halen: VHII (sacd)","Physical Location","Pop / Rock",,,821797224468,,34.98,0,0,0,1,0,1,0,"2025-09-29 12:00:00",0
"Van Morrison: Moondance (rhino reserve)","Physical Location","Pop / Rock",,,081227804992,,31.98,0,0,0,2,0,2,0,"2026-04-10 12:00:00",0
"Van Morrison: Moondance [DNR]","Physical Location","Pop / Rock",,,081227990701,,24.98,0,2,0,0,0,0,0,"2025-10-21 12:00:00",3
"Various: The Swing Years (used)","Physical Location",Jazz,,,247219361946,,19.99,0,0,0,0,0,0,0,"2025-12-16 12:00:00",1
"Various: Trios For Flute Piano & Cello","Physical Location",Classical,,,77023119152417,,10.99,0,0,0,1,0,1,0,"2025-12-16 12:00:00",0
"Vince Guaraldi: A Charlie Brown Thanksgiving [DNR]","Physical Location",Soundtracks,,,6013718715,,33.99,0,0,0,0,0,0,0,"2025-10-01 12:00:00",1
"Vincente Fernandez: Azteca (cd)","Physical Location",Unassigned,,,889553676729,,28.97,0,0,0,0,0,0,0,"2025-12-08 12:00:00",1
"vinyl coasters","Physical Location",Unassigned,,,,,4.99,0,0,0,0,0,0,0,"2025-11-13 12:28:56",2
"Vinyl Styl Cork Turntable Mat","Physical Location",Accessories,,,0766510061596,,22.99,0,0,0,2,0,2,0,"2026-06-06 12:00:00",2
"Vinyl Styl record brush","Physical Location",Unassigned,,,0711574723010,,16.99,0,0,0,8,0,8,0,"2025-09-17 00:00:00",10
"WAR: Greatest Hits","Physical Location","Pop / Rock",,,603497843671,,49.98,0,0,0,1,0,1,0,"2025-10-14 12:00:00",0
"War: Greatest Hits (sacd)","Physical Location","Pop / Rock",,,753088014963,,35.98,0,0,0,1,0,1,0,"2026-02-28 12:00:00",0
"WAR: The World Is a Ghetto (4cd)","Physical Location","Pop / Rock",,,603497824281,,39.98,0,0,0,1,0,1,0,"2025-10-14 12:00:00",0
"Warren Zevon: Excitable Boy (mofi)","Physical Location","Pop / Rock",,,8217972511310,,59.99,0,1,0,1,0,1,0,"2026-06-05 12:00:00",1
"Washer: Here Comes Washer (green vinyl)","Physical Location",Indie,,,843563194201,,25.98,0,0,0,3,0,3,0,"2026-02-15 12:00:00",0
"Washer: Improved Means to Deteriorated Ends (burgundy vinyl)","Physical Location",Indie,,,843563194171,,25.98,0,0,0,4,0,4,0,"2026-02-15 12:00:00",0
"Waylon Jennings: Songbird","Physical Location",Country,,,732388008681,,23.98,0,0,0,0,0,0,0,"2026-01-18 12:00:00",2
"Waylon Jennings: Songbird (cd)","Physical Location",Country,,,732388008780,,12.98,0,0,0,1,0,1,0,"2025-10-27 12:00:00",0
"Weezer: Pinkerton","Physical Location","Pop / Rock",,,602547945419,,27.98,27.98,0,0,0,0,0,0,"2026-04-16 12:00:00",3
"Weezer: Weezer (blue album cd)","Physical Location","Pop / Rock",,,0720642462928,,13.95,0,0,0,0,0,0,0,"2025-11-15 12:00:00",2
"Weezer: Weezer (blue album)","Physical Location","Pop / Rock",,,0602547945396,,27.98,0,0,0,1,0,1,0,"2026-05-28 21:19:37",5
"Wes Montgomery: A Day in the Life","Physical Location",Jazz,,,600753996232,,37.99,0,0,0,1,0,1,0,"2025-10-20 12:00:00",0
"Weyes Blood: Titanic Rising","Physical Location",Indie,,,712321,,24.98,0,0,0,0,0,0,0,"2026-03-21 12:00:00",1
"Whiskey Myers: Firewater","Physical Location",Country,,,840381601317,,35.98,0,0,0,1,0,1,0,"2026-05-28 12:00:00",2
"White Zombie: La Sexorcisto Devil Music","Physical Location",Metal,,,0600753381564,,36.99,0,0,0,2,0,2,0,"2025-11-11 12:00:00",1
"Whitesnake: 1987 (30th Anniversary)","Physical Location","Pop / Rock",,,090295785178,,54.99,0,0,0,1,0,1,0,"2026-04-18 12:00:00",0
"Whitesnake: Forevermore","Physical Location","Pop / Rock",,,603497812592,,34.98,0,0,0,1,0,1,0,"2025-11-11 12:00:00",0
"Whitesnake: Greatest Hits","Physical Location","Pop / Rock",,,0190296482342,,34.98,0,0,0,1,0,1,0,"2025-12-24 12:00:00",1
"Whitesnake: MCMLXXVII","Physical Location","Pop / Rock",,,603497823895,,24.98,0,0,0,1,0,1,0,"2026-04-18 12:00:00",1
"Whitesnake: Slide It In","Physical Location","Pop / Rock",,,190295423926,,34.98,0,0,0,1,0,1,0,"2025-10-27 12:00:00",0
"Whitney Houston: Whitney (sacd)","Physical Location","Pop / Rock",,,196588126727,,34.98,0,1,0,1,0,1,0,"2025-09-10 12:00:00",0
"Whitney Houston: Whitney Houston (mofi)","Physical Location","Pop / Rock",,,196587391416,,59.99,0,0,0,1,0,1,0,"2025-09-24 12:00:00",0
"Wicked: Soundtrack","Physical Location",Soundtracks,,,602475112372,,39.98,0,3,0,2,0,2,0,"2025-09-04 12:00:00",1
"Wilco: Yankee Hotel Foxtrot","Physical Location","Pop / Rock",,,075597910605,,34.98,0,0,0,1,0,1,0,"2026-05-28 12:00:00",2
"Willie Nelson: Dream Chaser","Physical Location",Country,,,199584314815,,25.98,0,0,0,1,0,1,0,"2026-07-02 12:00:00",0
"Wishbone Ash: Argus (AP)","Physical Location","Pop / Rock",,,753088017476,,60.98,0,0,0,1,0,1,0,"2025-09-30 12:00:00",0
"Wolf Alice: Clearing","Physical Location","Pop / Rock",,,198029089912,,27.98,0,0,0,1,0,1,0,"2026-03-07 12:00:00",1
"Wolf Parade: Apologies to the Queen Mary (color vinyl)","Physical Location",Indie,,,706553,,24.98,0,0,0,1,0,1,0,"2026-03-29 12:00:00",0
"Woodstock 50th anniversary (used lp)","Physical Location","Pop / Rock",,,231804286,,223.99,0,0,0,0,0,0,0,"2025-09-29 12:00:00",2
"Wu Tang Clan: Enter the wu tang live","Physical Location",HipHop,,,784300321811,,25.98,0,2,0,1,0,1,0,"2026-01-06 12:00:00",2
"Wu Tang Clan: Enter Wu Tang","Physical Location",HipHop,,,0078636633619,,22.98,0,0,0,1,0,1,0,"2026-04-18 12:00:00",2
"XTC: Skylarking","Physical Location","Pop / Rock",,,0633367789716,,31.98,0,0,0,1,0,1,0,"2025-11-05 12:00:00",0
"Yellow Magic Orchestra: Ymo Live at the Greek Theater","Physical Location",Classical,,,4547366736823,,46.98,0,0,0,1,0,1,0,"2025-09-30 12:00:00",0
"Yes: 90125 (cd)","Physical Location","Pop / Rock",,,081227379629,,9.99,0,0,0,1,0,1,0,"2025-10-07 12:00:00",0
"Yes: 90125 (rhino reserve)","Physical Location","Pop / Rock",,,081227809546,,31.98,0,0,0,0,0,0,0,"2026-03-29 12:00:00",2
"Yes: Close to the Edge (AT75)","Physical Location","Pop / Rock",,,753088754470,,60.98,0,0,0,1,0,1,0,"2025-10-27 12:00:00",1
"Yes: Close to the Edge (cd)","Physical Location","Pop / Rock",,,081227379025,,14.98,0,0,0,0,0,0,0,"2025-10-07 12:00:00",1
"Yes: Fragile (remix)","Physical Location","Pop / Rock",,,081227813505,,24.98,0,0,0,0,0,0,0,"2025-11-11 12:00:00",2
"Yes: Fragile (sacd)","Physical Location","Pop / Rock",,,753088751462,,35.98,0,0,0,1,0,1,0,"2025-09-30 12:00:00",0
"Yes: The Yes Album (AT75)","Physical Location","Pop / Rock",,,753088756474,,60.98,0,0,0,1,0,1,0,"2025-09-30 12:00:00",0
"Zach Bryan: American Heartbreak","Physical Location",Country,,,093624869559,,44.98,0,1,0,1,0,1,0,"2026-04-18 12:00:00",3
"Zach Top: Cold Beer and Country Music","Physical Location",Country,,,840381600105,,25.98,0,2,0,1,0,1,0,"2025-09-03 12:00:00",1
"ZZ Top: Eliminator","Physical Location","Pop / Rock",,,081227943196,,24.98,0,1,0,0,0,0,0,"2025-09-04 12:00:00",1
"ZZ Top: Tres Hombres","Physical Location","Pop / Rock",,,081227996994,,24.98,0,1,0,1,0,1,0,"2026-03-08 12:00:00",1
